year,column,observed,total,percent
2000,ADAPTIVITY,0,6214,0.0
2003,ADAPTIVITY,0,10791,0.0
2006,ADAPTIVITY,0,19604,0.0
2009,ADAPTIVITY,0,25887,0.0
2012,ADAPTIVITY,0,25313,0.0
2015,ADAPTIVITY,0,6736,0.0
2018,ADAPTIVITY,34736,35943,96.6
2022,ADAPTIVITY,0,30800,0.0
2025,ADAPTIVITY,0,29966,0.0
2000,ADDSCIIN,0,6214,0.0
2003,ADDSCIIN,0,10791,0.0
2006,ADDSCIIN,0,19604,0.0
2009,ADDSCIIN,0,25887,0.0
2012,ADDSCIIN,0,25313,0.0
2015,ADDSCIIN,1910,6736,28.4
2018,ADDSCIIN,0,35943,0.0
2022,ADDSCIIN,0,30800,0.0
2025,ADDSCIIN,0,29966,0.0
2000,ADINST,0,6214,0.0
2003,ADINST,0,10791,0.0
2006,ADINST,0,19604,0.0
2009,ADINST,0,25887,0.0
2012,ADINST,0,25313,0.0
2015,ADINST,5246,6736,77.9
2018,ADINST,0,35943,0.0
2022,ADINST,0,30800,0.0
2025,ADINST,0,29966,0.0
2000,AGE,6160,6214,99.1
2003,AGE,10791,10791,100.0
2006,AGE,19604,19604,100.0
2009,AGE,25887,25887,100.0
2012,AGE,25313,25313,100.0
2015,AGE,6736,6736,100.0
2018,AGE,35943,35943,100.0
2022,AGE,30800,30800,100.0
2025,AGE,29966,29966,100.0
2000,AIUSESCH,0,6214,0.0
2003,AIUSESCH,0,10791,0.0
2006,AIUSESCH,0,19604,0.0
2009,AIUSESCH,0,25887,0.0
2012,AIUSESCH,0,25313,0.0
2015,AIUSESCH,0,6736,0.0
2018,AIUSESCH,0,35943,0.0
2022,AIUSESCH,0,30800,0.0
2025,AIUSESCH,26699,29966,89.1
2000,ANXMAT,0,6214,0.0
2003,ANXMAT,10719,10791,99.3
2006,ANXMAT,0,19604,0.0
2009,ANXMAT,0,25887,0.0
2012,ANXMAT,16632,25313,65.7
2015,ANXMAT,0,6736,0.0
2018,ANXMAT,0,35943,0.0
2022,ANXMAT,27646,30800,89.8
2025,ANXMAT,0,29966,0.0
2000,ANXTEST,0,6214,0.0
2003,ANXTEST,0,10791,0.0
2006,ANXTEST,0,19604,0.0
2009,ANXTEST,0,25887,0.0
2012,ANXTEST,0,25313,0.0
2015,ANXTEST,6544,6736,97.1
2018,ANXTEST,0,35943,0.0
2022,ANXTEST,0,30800,0.0
2025,ANXTEST,0,29966,0.0
2000,ASSERAGR,0,6214,0.0
2003,ASSERAGR,0,10791,0.0
2006,ASSERAGR,0,19604,0.0
2009,ASSERAGR,0,25887,0.0
2012,ASSERAGR,0,25313,0.0
2015,ASSERAGR,0,6736,0.0
2018,ASSERAGR,0,35943,0.0
2022,ASSERAGR,28724,30800,93.3
2025,ASSERAGR,0,29966,0.0
2000,ATSCHL,0,6214,0.0
2003,ATSCHL,10715,10791,99.3
2006,ATSCHL,0,19604,0.0
2009,ATSCHL,24478,25887,94.6
2012,ATSCHL,16515,25313,65.2
2015,ATSCHL,0,6736,0.0
2018,ATSCHL,0,35943,0.0
2022,ATSCHL,0,30800,0.0
2025,ATSCHL,0,29966,0.0
2000,ATTIMM,0,6214,0.0
2003,ATTIMM,0,10791,0.0
2006,ATTIMM,0,19604,0.0
2009,ATTIMM,0,25887,0.0
2012,ATTIMM,0,25313,0.0
2015,ATTIMM,0,6736,0.0
2018,ATTIMM,29324,35943,81.6
2022,ATTIMM,0,30800,0.0
2025,ATTIMM,0,29966,0.0
2000,ATTLNACT,0,6214,0.0
2003,ATTLNACT,0,10791,0.0
2006,ATTLNACT,0,19604,0.0
2009,ATTLNACT,0,25887,0.0
2012,ATTLNACT,16494,25313,65.2
2015,ATTLNACT,0,6736,0.0
2018,ATTLNACT,34055,35943,94.7
2022,ATTLNACT,0,30800,0.0
2025,ATTLNACT,0,29966,0.0
2000,BELONG,6121,6214,98.5
2003,BELONG,10737,10791,99.5
2006,BELONG,0,19604,0.0
2009,BELONG,0,25887,0.0
2012,BELONG,16538,25313,65.3
2015,BELONG,6542,6736,97.1
2018,BELONG,33014,35943,91.9
2022,BELONG,29547,30800,95.9
2025,BELONG,28571,29966,95.3
2000,BODYIMA,0,6214,0.0
2003,BODYIMA,0,10791,0.0
2006,BODYIMA,0,19604,0.0
2009,BODYIMA,0,25887,0.0
2012,BODYIMA,0,25313,0.0
2015,BODYIMA,0,6736,0.0
2018,BODYIMA,26252,35943,73.0
2022,BODYIMA,27452,30800,89.1
2025,BODYIMA,0,29966,0.0
2000,BSMJ,0,6214,0.0
2003,BSMJ,0,10791,0.0
2006,BSMJ,14447,19604,73.7
2009,BSMJ,0,25887,0.0
2012,BSMJ,0,25313,0.0
2015,BSMJ,5996,6736,89.0
2018,BSMJ,29115,35943,81.0
2022,BSMJ,20913,30800,67.9
2025,BSMJ,21759,29966,72.6
2000,BULLIED,0,6214,0.0
2003,BULLIED,0,10791,0.0
2006,BULLIED,0,19604,0.0
2009,BULLIED,0,25887,0.0
2012,BULLIED,0,25313,0.0
2015,BULLIED,0,6736,0.0
2018,BULLIED,0,35943,0.0
2022,BULLIED,29587,30800,96.1
2025,BULLIED,28565,29966,95.3
2000,CLSMAN,0,6214,0.0
2003,CLSMAN,0,10791,0.0
2006,CLSMAN,0,19604,0.0
2009,CLSMAN,0,25887,0.0
2012,CLSMAN,16537,25313,65.3
2015,CLSMAN,0,6736,0.0
2018,CLSMAN,0,35943,0.0
2022,CLSMAN,0,30800,0.0
2025,CLSMAN,0,29966,0.0
2000,CNTSCHID,6214,6214,100.0
2003,CNTSCHID,10791,10791,100.0
2006,CNTSCHID,19604,19604,100.0
2009,CNTSCHID,25887,25887,100.0
2012,CNTSCHID,25313,25313,100.0
2015,CNTSCHID,6736,6736,100.0
2018,CNTSCHID,35943,35943,100.0
2022,CNTSCHID,30800,30800,100.0
2025,CNTSCHID,29966,29966,100.0
2000,COGABIL,0,6214,0.0
2003,COGABIL,0,10791,0.0
2006,COGABIL,0,19604,0.0
2009,COGABIL,0,25887,0.0
2012,COGABIL,0,25313,0.0
2015,COGABIL,0,6736,0.0
2018,COGABIL,0,35943,0.0
2022,COGABIL,0,30800,0.0
2025,COGABIL,24343,29966,81.2
2000,COGACMCO,0,6214,0.0
2003,COGACMCO,0,10791,0.0
2006,COGACMCO,0,19604,0.0
2009,COGACMCO,0,25887,0.0
2012,COGACMCO,0,25313,0.0
2015,COGACMCO,0,6736,0.0
2018,COGACMCO,0,35943,0.0
2022,COGACMCO,28121,30800,91.3
2025,COGACMCO,0,29966,0.0
2000,COGACRCO,0,6214,0.0
2003,COGACRCO,0,10791,0.0
2006,COGACRCO,0,19604,0.0
2009,COGACRCO,0,25887,0.0
2012,COGACRCO,0,25313,0.0
2015,COGACRCO,0,6736,0.0
2018,COGACRCO,0,35943,0.0
2022,COGACRCO,28381,30800,92.1
2025,COGACRCO,0,29966,0.0
2000,COGACSC,0,6214,0.0
2003,COGACSC,0,10791,0.0
2006,COGACSC,0,19604,0.0
2009,COGACSC,0,25887,0.0
2012,COGACSC,0,25313,0.0
2015,COGACSC,0,6736,0.0
2018,COGACSC,0,35943,0.0
2022,COGACSC,0,30800,0.0
2025,COGACSC,26321,29966,87.8
2000,COGACT,0,6214,0.0
2003,COGACT,0,10791,0.0
2006,COGACT,0,19604,0.0
2009,COGACT,0,25887,0.0
2012,COGACT,16639,25313,65.7
2015,COGACT,0,6736,0.0
2018,COGACT,0,35943,0.0
2022,COGACT,0,30800,0.0
2025,COGACT,0,29966,0.0
2000,COGFLEX,0,6214,0.0
2003,COGFLEX,0,10791,0.0
2006,COGFLEX,0,19604,0.0
2009,COGFLEX,0,25887,0.0
2012,COGFLEX,0,25313,0.0
2015,COGFLEX,0,6736,0.0
2018,COGFLEX,31371,35943,87.3
2022,COGFLEX,0,30800,0.0
2025,COGFLEX,0,29966,0.0
2000,COLLENEFF,0,6214,0.0
2003,COLLENEFF,0,10791,0.0
2006,COLLENEFF,0,19604,0.0
2009,COLLENEFF,0,25887,0.0
2012,COLLENEFF,0,25313,0.0
2015,COLLENEFF,0,6736,0.0
2018,COLLENEFF,0,35943,0.0
2022,COLLENEFF,0,30800,0.0
2025,COLLENEFF,26913,29966,89.8
2000,COMPETE,0,6214,0.0
2003,COMPETE,0,10791,0.0
2006,COMPETE,0,19604,0.0
2009,COMPETE,0,25887,0.0
2012,COMPETE,0,25313,0.0
2015,COMPETE,0,6736,0.0
2018,COMPETE,33835,35943,94.1
2022,COMPETE,0,30800,0.0
2025,COMPETE,0,29966,0.0
2000,COOPAGR,0,6214,0.0
2003,COOPAGR,0,10791,0.0
2006,COOPAGR,0,19604,0.0
2009,COOPAGR,0,25887,0.0
2012,COOPAGR,0,25313,0.0
2015,COOPAGR,0,6736,0.0
2018,COOPAGR,0,35943,0.0
2022,COOPAGR,29046,30800,94.3
2025,COOPAGR,0,29966,0.0
2000,COOPERATE,0,6214,0.0
2003,COOPERATE,0,10791,0.0
2006,COOPERATE,0,19604,0.0
2009,COOPERATE,0,25887,0.0
2012,COOPERATE,0,25313,0.0
2015,COOPERATE,6540,6736,97.1
2018,COOPERATE,0,35943,0.0
2022,COOPERATE,0,30800,0.0
2025,COOPERATE,0,29966,0.0
2000,CPSVALUE,0,6214,0.0
2003,CPSVALUE,0,10791,0.0
2006,CPSVALUE,0,19604,0.0
2009,CPSVALUE,0,25887,0.0
2012,CPSVALUE,0,25313,0.0
2015,CPSVALUE,6542,6736,97.1
2018,CPSVALUE,0,35943,0.0
2022,CPSVALUE,0,30800,0.0
2025,CPSVALUE,0,29966,0.0
2000,CREATAS,0,6214,0.0
2003,CREATAS,0,10791,0.0
2006,CREATAS,0,19604,0.0
2009,CREATAS,0,25887,0.0
2012,CREATAS,0,25313,0.0
2015,CREATAS,0,6736,0.0
2018,CREATAS,0,35943,0.0
2022,CREATAS,24100,30800,78.2
2025,CREATAS,0,29966,0.0
2000,CREATEFF,0,6214,0.0
2003,CREATEFF,0,10791,0.0
2006,CREATEFF,0,19604,0.0
2009,CREATEFF,0,25887,0.0
2012,CREATEFF,0,25313,0.0
2015,CREATEFF,0,6736,0.0
2018,CREATEFF,0,35943,0.0
2022,CREATEFF,27522,30800,89.4
2025,CREATEFF,0,29966,0.0
2000,CREATFAM,0,6214,0.0
2003,CREATFAM,0,10791,0.0
2006,CREATFAM,0,19604,0.0
2009,CREATFAM,0,25887,0.0
2012,CREATFAM,0,25313,0.0
2015,CREATFAM,0,6736,0.0
2018,CREATFAM,0,35943,0.0
2022,CREATFAM,27228,30800,88.4
2025,CREATFAM,0,29966,0.0
2000,CREATOOS,0,6214,0.0
2003,CREATOOS,0,10791,0.0
2006,CREATOOS,0,19604,0.0
2009,CREATOOS,0,25887,0.0
2012,CREATOOS,0,25313,0.0
2015,CREATOOS,0,6736,0.0
2018,CREATOOS,0,35943,0.0
2022,CREATOOS,23772,30800,77.2
2025,CREATOOS,0,29966,0.0
2000,CREATSCH,0,6214,0.0
2003,CREATSCH,0,10791,0.0
2006,CREATSCH,0,19604,0.0
2009,CREATSCH,0,25887,0.0
2012,CREATSCH,0,25313,0.0
2015,CREATSCH,0,6736,0.0
2018,CREATSCH,0,35943,0.0
2022,CREATSCH,27237,30800,88.4
2025,CREATSCH,0,29966,0.0
2000,CSTRAT,0,6214,0.0
2003,CSTRAT,10704,10791,99.2
2006,CSTRAT,0,19604,0.0
2009,CSTRAT,25635,25887,99.0
2012,CSTRAT,0,25313,0.0
2015,CSTRAT,0,6736,0.0
2018,CSTRAT,0,35943,0.0
2022,CSTRAT,0,30800,0.0
2025,CSTRAT,0,29966,0.0
2000,CULTPOSS,6137,6214,98.8
2003,CULTPOSS,10776,10791,99.9
2006,CULTPOSS,19465,19604,99.3
2009,CULTPOSS,25582,25887,98.8
2012,CULTPOSS,0,25313,0.0
2015,CULTPOSS,6537,6736,97.0
2018,CULTPOSS,35380,35943,98.4
2022,CULTPOSS,0,30800,0.0
2025,CULTPOSS,0,29966,0.0
2000,CURIO,0,6214,0.0
2003,CURIO,0,10791,0.0
2006,CURIO,0,19604,0.0
2009,CURIO,0,25887,0.0
2012,CURIO,0,25313,0.0
2015,CURIO,0,6736,0.0
2018,CURIO,0,35943,0.0
2022,CURIO,0,30800,0.0
2025,CURIO,25136,29966,83.9
2000,CURIOAGR,0,6214,0.0
2003,CURIOAGR,0,10791,0.0
2006,CURIOAGR,0,19604,0.0
2009,CURIOAGR,0,25887,0.0
2012,CURIOAGR,0,25313,0.0
2015,CURIOAGR,0,6736,0.0
2018,CURIOAGR,0,35943,0.0
2022,CURIOAGR,28994,30800,94.1
2025,CURIOAGR,0,29966,0.0
2000,CURSUPP,0,6214,0.0
2003,CURSUPP,0,10791,0.0
2006,CURSUPP,0,19604,0.0
2009,CURSUPP,0,25887,0.0
2012,CURSUPP,0,25313,0.0
2015,CURSUPP,4699,6736,69.8
2018,CURSUPP,0,35943,0.0
2022,CURSUPP,0,30800,0.0
2025,CURSUPP,0,29966,0.0
2000,DEFFORT,0,6214,0.0
2003,DEFFORT,0,10791,0.0
2006,DEFFORT,19013,19604,97.0
2009,DEFFORT,0,25887,0.0
2012,DEFFORT,23609,25313,93.3
2015,DEFFORT,0,6736,0.0
2018,DEFFORT,0,35943,0.0
2022,DEFFORT,0,30800,0.0
2025,DEFFORT,0,29966,0.0
2000,DIGINTLRN,0,6214,0.0
2003,DIGINTLRN,0,10791,0.0
2006,DIGINTLRN,0,19604,0.0
2009,DIGINTLRN,0,25887,0.0
2012,DIGINTLRN,0,25313,0.0
2015,DIGINTLRN,0,6736,0.0
2018,DIGINTLRN,0,35943,0.0
2022,DIGINTLRN,0,30800,0.0
2025,DIGINTLRN,22563,29966,75.3
2000,DIRINS,0,6214,0.0
2003,DIRINS,0,10791,0.0
2006,DIRINS,0,19604,0.0
2009,DIRINS,0,25887,0.0
2012,DIRINS,0,25313,0.0
2015,DIRINS,0,6736,0.0
2018,DIRINS,35197,35943,97.9
2022,DIRINS,0,30800,0.0
2025,DIRINS,0,29966,0.0
2000,DISCLIM,0,6214,0.0
2003,DISCLIM,10620,10791,98.4
2006,DISCLIM,0,19604,0.0
2009,DISCLIM,0,25887,0.0
2012,DISCLIM,0,25313,0.0
2015,DISCLIM,0,6736,0.0
2018,DISCLIM,0,35943,0.0
2022,DISCLIM,28956,30800,94.0
2025,DISCLIM,0,29966,0.0
2000,DISCLIMA,6130,6214,98.6
2003,DISCLIMA,0,10791,0.0
2006,DISCLIMA,0,19604,0.0
2009,DISCLIMA,25564,25887,98.8
2012,DISCLIMA,16651,25313,65.8
2015,DISCLIMA,0,6736,0.0
2018,DISCLIMA,35317,35943,98.3
2022,DISCLIMA,0,30800,0.0
2025,DISCLIMA,0,29966,0.0
2000,DISCLISCI,0,6214,0.0
2003,DISCLISCI,0,10791,0.0
2006,DISCLISCI,0,19604,0.0
2009,DISCLISCI,0,25887,0.0
2012,DISCLISCI,0,25313,0.0
2015,DISCLISCI,0,6736,0.0
2018,DISCLISCI,0,35943,0.0
2022,DISCLISCI,0,30800,0.0
2025,DISCLISCI,27271,29966,91.0
2000,DISCRIM,0,6214,0.0
2003,DISCRIM,0,10791,0.0
2006,DISCRIM,0,19604,0.0
2009,DISCRIM,0,25887,0.0
2012,DISCRIM,0,25313,0.0
2015,DISCRIM,0,6736,0.0
2018,DISCRIM,28142,35943,78.3
2022,DISCRIM,0,30800,0.0
2025,DISCRIM,0,29966,0.0
2000,DIVREAD,6026,6214,97.0
2003,DIVREAD,0,10791,0.0
2006,DIVREAD,0,19604,0.0
2009,DIVREAD,25662,25887,99.1
2012,DIVREAD,0,25313,0.0
2015,DIVREAD,0,6736,0.0
2018,DIVREAD,0,35943,0.0
2022,DIVREAD,0,30800,0.0
2025,DIVREAD,0,29966,0.0
2000,DURECEC,0,6214,0.0
2003,DURECEC,0,10791,0.0
2006,DURECEC,0,19604,0.0
2009,DURECEC,0,25887,0.0
2012,DURECEC,0,25313,0.0
2015,DURECEC,6200,6736,92.0
2018,DURECEC,30664,35943,85.3
2022,DURECEC,25225,30800,81.9
2025,DURECEC,0,29966,0.0
2000,EFFORT1,0,6214,0.0
2003,EFFORT1,0,10791,0.0
2006,EFFORT1,0,19604,0.0
2009,EFFORT1,0,25887,0.0
2012,EFFORT1,0,25313,0.0
2015,EFFORT1,0,6736,0.0
2018,EFFORT1,29988,35943,83.4
2022,EFFORT1,26806,30800,87.0
2025,EFFORT1,28866,29966,96.3
2000,EFFSCIE,0,6214,0.0
2003,EFFSCIE,0,10791,0.0
2006,EFFSCIE,0,19604,0.0
2009,EFFSCIE,0,25887,0.0
2012,EFFSCIE,0,25313,0.0
2015,EFFSCIE,0,6736,0.0
2018,EFFSCIE,0,35943,0.0
2022,EFFSCIE,0,30800,0.0
2025,EFFSCIE,27007,29966,90.1
2000,ELAB,0,6214,0.0
2003,ELAB,10696,10791,99.1
2006,ELAB,0,19604,0.0
2009,ELAB,25612,25887,98.9
2012,ELAB,0,25313,0.0
2015,ELAB,0,6736,0.0
2018,ELAB,0,35943,0.0
2022,ELAB,0,30800,0.0
2025,ELAB,0,29966,0.0
2000,EMOCOAGR,0,6214,0.0
2003,EMOCOAGR,0,10791,0.0
2006,EMOCOAGR,0,19604,0.0
2009,EMOCOAGR,0,25887,0.0
2012,EMOCOAGR,0,25313,0.0
2015,EMOCOAGR,0,6736,0.0
2018,EMOCOAGR,0,35943,0.0
2022,EMOCOAGR,28713,30800,93.2
2025,EMOCOAGR,0,29966,0.0
2000,EMOSUPS,0,6214,0.0
2003,EMOSUPS,0,10791,0.0
2006,EMOSUPS,0,19604,0.0
2009,EMOSUPS,0,25887,0.0
2012,EMOSUPS,0,25313,0.0
2015,EMOSUPS,6545,6736,97.2
2018,EMOSUPS,28087,35943,78.1
2022,EMOSUPS,0,30800,0.0
2025,EMOSUPS,0,29966,0.0
2000,EMPATAGR,0,6214,0.0
2003,EMPATAGR,0,10791,0.0
2006,EMPATAGR,0,19604,0.0
2009,EMPATAGR,0,25887,0.0
2012,EMPATAGR,0,25313,0.0
2015,EMPATAGR,0,6736,0.0
2018,EMPATAGR,0,35943,0.0
2022,EMPATAGR,28976,30800,94.1
2025,EMPATAGR,0,29966,0.0
2000,ENGSCIPR,0,6214,0.0
2003,ENGSCIPR,0,10791,0.0
2006,ENGSCIPR,0,19604,0.0
2009,ENGSCIPR,0,25887,0.0
2012,ENGSCIPR,0,25313,0.0
2015,ENGSCIPR,0,6736,0.0
2018,ENGSCIPR,0,35943,0.0
2022,ENGSCIPR,0,30800,0.0
2025,ENGSCIPR,23493,29966,78.4
2000,ENPROBS,0,6214,0.0
2003,ENPROBS,0,10791,0.0
2006,ENPROBS,0,19604,0.0
2009,ENPROBS,0,25887,0.0
2012,ENPROBS,0,25313,0.0
2015,ENPROBS,0,6736,0.0
2018,ENPROBS,0,35943,0.0
2022,ENPROBS,0,30800,0.0
2025,ENPROBS,25108,29966,83.8
2000,ENVAPART,0,6214,0.0
2003,ENVAPART,0,10791,0.0
2006,ENVAPART,0,19604,0.0
2009,ENVAPART,0,25887,0.0
2012,ENVAPART,0,25313,0.0
2015,ENVAPART,0,6736,0.0
2018,ENVAPART,0,35943,0.0
2022,ENVAPART,0,30800,0.0
2025,ENVAPART,27102,29966,90.4
2000,ENVAWARE,0,6214,0.0
2003,ENVAWARE,0,10791,0.0
2006,ENVAWARE,19475,19604,99.3
2009,ENVAWARE,0,25887,0.0
2012,ENVAWARE,0,25313,0.0
2015,ENVAWARE,6337,6736,94.1
2018,ENVAWARE,0,35943,0.0
2022,ENVAWARE,0,30800,0.0
2025,ENVAWARE,26913,29966,89.8
2000,ENVCAPCH,0,6214,0.0
2003,ENVCAPCH,0,10791,0.0
2006,ENVCAPCH,0,19604,0.0
2009,ENVCAPCH,0,25887,0.0
2012,ENVCAPCH,0,25313,0.0
2015,ENVCAPCH,0,6736,0.0
2018,ENVCAPCH,0,35943,0.0
2022,ENVCAPCH,0,30800,0.0
2025,ENVCAPCH,27010,29966,90.1
2000,ENVOPT,0,6214,0.0
2003,ENVOPT,0,10791,0.0
2006,ENVOPT,19495,19604,99.4
2009,ENVOPT,0,25887,0.0
2012,ENVOPT,0,25313,0.0
2015,ENVOPT,6354,6736,94.3
2018,ENVOPT,0,35943,0.0
2022,ENVOPT,0,30800,0.0
2025,ENVOPT,0,29966,0.0
2000,EPIST,0,6214,0.0
2003,EPIST,0,10791,0.0
2006,EPIST,0,19604,0.0
2009,EPIST,0,25887,0.0
2012,EPIST,0,25313,0.0
2015,EPIST,6176,6736,91.7
2018,EPIST,0,35943,0.0
2022,EPIST,0,30800,0.0
2025,EPIST,0,29966,0.0
2000,ESCS,0,6214,0.0
2003,ESCS,10687,10791,99.0
2006,ESCS,19499,19604,99.5
2009,ESCS,25634,25887,99.0
2012,ESCS,25121,25313,99.2
2015,ESCS,6678,6736,99.1
2018,ESCS,35290,35943,98.2
2022,ESCS,29648,30800,96.3
2025,ESCS,28561,29966,95.3
2000,EUDMO,0,6214,0.0
2003,EUDMO,0,10791,0.0
2006,EUDMO,0,19604,0.0
2009,EUDMO,0,25887,0.0
2012,EUDMO,0,25313,0.0
2015,EUDMO,0,6736,0.0
2018,EUDMO,33235,35943,92.5
2022,EUDMO,0,30800,0.0
2025,EUDMO,0,29966,0.0
2000,EXAPPLM,0,6214,0.0
2003,EXAPPLM,0,10791,0.0
2006,EXAPPLM,0,19604,0.0
2009,EXAPPLM,0,25887,0.0
2012,EXAPPLM,16524,25313,65.3
2015,EXAPPLM,0,6736,0.0
2018,EXAPPLM,0,35943,0.0
2022,EXAPPLM,0,30800,0.0
2025,EXAPPLM,0,29966,0.0
2000,EXERPRAC,0,6214,0.0
2003,EXERPRAC,0,10791,0.0
2006,EXERPRAC,0,19604,0.0
2009,EXERPRAC,0,25887,0.0
2012,EXERPRAC,0,25313,0.0
2015,EXERPRAC,0,6736,0.0
2018,EXERPRAC,0,35943,0.0
2022,EXERPRAC,29674,30800,96.3
2025,EXERPRAC,28026,29966,93.5
2000,EXPECEDU,0,6214,0.0
2003,EXPECEDU,0,10791,0.0
2006,EXPECEDU,0,19604,0.0
2009,EXPECEDU,0,25887,0.0
2012,EXPECEDU,0,25313,0.0
2015,EXPECEDU,0,6736,0.0
2018,EXPECEDU,0,35943,0.0
2022,EXPECEDU,26325,30800,85.5
2025,EXPECEDU,26363,29966,88.0
2000,EXPO21ST,0,6214,0.0
2003,EXPO21ST,0,10791,0.0
2006,EXPO21ST,0,19604,0.0
2009,EXPO21ST,0,25887,0.0
2012,EXPO21ST,0,25313,0.0
2015,EXPO21ST,0,6736,0.0
2018,EXPO21ST,0,35943,0.0
2022,EXPO21ST,27954,30800,90.8
2025,EXPO21ST,0,29966,0.0
2000,EXPOFA,0,6214,0.0
2003,EXPOFA,0,10791,0.0
2006,EXPOFA,0,19604,0.0
2009,EXPOFA,0,25887,0.0
2012,EXPOFA,0,25313,0.0
2015,EXPOFA,0,6736,0.0
2018,EXPOFA,0,35943,0.0
2022,EXPOFA,28237,30800,91.7
2025,EXPOFA,0,29966,0.0
2000,EXPUREM,0,6214,0.0
2003,EXPUREM,0,10791,0.0
2006,EXPUREM,0,19604,0.0
2009,EXPUREM,0,25887,0.0
2012,EXPUREM,16512,25313,65.2
2015,EXPUREM,0,6736,0.0
2018,EXPUREM,0,35943,0.0
2022,EXPUREM,0,30800,0.0
2025,EXPUREM,0,29966,0.0
2000,EXPWB,0,6214,0.0
2003,EXPWB,0,10791,0.0
2006,EXPWB,0,19604,0.0
2009,EXPWB,0,25887,0.0
2012,EXPWB,0,25313,0.0
2015,EXPWB,0,6736,0.0
2018,EXPWB,0,35943,0.0
2022,EXPWB,20373,30800,66.1
2025,EXPWB,0,29966,0.0
2000,FAILMAT,0,6214,0.0
2003,FAILMAT,0,10791,0.0
2006,FAILMAT,0,19604,0.0
2009,FAILMAT,0,25887,0.0
2012,FAILMAT,16601,25313,65.6
2015,FAILMAT,0,6736,0.0
2018,FAILMAT,0,35943,0.0
2022,FAILMAT,0,30800,0.0
2025,FAILMAT,0,29966,0.0
2000,FAMSTRUC,5865,6214,94.4
2003,FAMSTRUC,10476,10791,97.1
2006,FAMSTRUC,0,19604,0.0
2009,FAMSTRUC,25569,25887,98.8
2012,FAMSTRUC,23797,25313,94.0
2015,FAMSTRUC,0,6736,0.0
2018,FAMSTRUC,0,35943,0.0
2022,FAMSTRUC,0,30800,0.0
2025,FAMSTRUC,0,29966,0.0
2000,FAMSUP,0,6214,0.0
2003,FAMSUP,0,10791,0.0
2006,FAMSUP,0,19604,0.0
2009,FAMSUP,0,25887,0.0
2012,FAMSUP,0,25313,0.0
2015,FAMSUP,0,6736,0.0
2018,FAMSUP,0,35943,0.0
2022,FAMSUP,26796,30800,87.0
2025,FAMSUP,26556,29966,88.6
2000,FCFMLRTY,0,6214,0.0
2003,FCFMLRTY,0,10791,0.0
2006,FCFMLRTY,0,19604,0.0
2009,FCFMLRTY,0,25887,0.0
2012,FCFMLRTY,0,25313,0.0
2015,FCFMLRTY,0,6736,0.0
2018,FCFMLRTY,34153,35943,95.0
2022,FCFMLRTY,29070,30800,94.4
2025,FCFMLRTY,0,29966,0.0
2000,FEELSAFE,0,6214,0.0
2003,FEELSAFE,0,10791,0.0
2006,FEELSAFE,0,19604,0.0
2009,FEELSAFE,0,25887,0.0
2012,FEELSAFE,0,25313,0.0
2015,FEELSAFE,0,6736,0.0
2018,FEELSAFE,0,35943,0.0
2022,FEELSAFE,0,30800,0.0
2025,FEELSAFE,28601,29966,95.4
2000,FLCONFIN,0,6214,0.0
2003,FLCONFIN,0,10791,0.0
2006,FLCONFIN,0,19604,0.0
2009,FLCONFIN,0,25887,0.0
2012,FLCONFIN,0,25313,0.0
2015,FLCONFIN,0,6736,0.0
2018,FLCONFIN,29169,35943,81.2
2022,FLCONFIN,27684,30800,89.9
2025,FLCONFIN,0,29966,0.0
2000,FLCONICT,0,6214,0.0
2003,FLCONICT,0,10791,0.0
2006,FLCONICT,0,19604,0.0
2009,FLCONICT,0,25887,0.0
2012,FLCONICT,0,25313,0.0
2015,FLCONICT,0,6736,0.0
2018,FLCONICT,28201,35943,78.5
2022,FLCONICT,27328,30800,88.7
2025,FLCONICT,0,29966,0.0
2000,FLFAMILY,0,6214,0.0
2003,FLFAMILY,0,10791,0.0
2006,FLFAMILY,0,19604,0.0
2009,FLFAMILY,0,25887,0.0
2012,FLFAMILY,0,25313,0.0
2015,FLFAMILY,0,6736,0.0
2018,FLFAMILY,33079,35943,92.0
2022,FLFAMILY,28608,30800,92.9
2025,FLFAMILY,0,29966,0.0
2000,FLSCHOOL,0,6214,0.0
2003,FLSCHOOL,0,10791,0.0
2006,FLSCHOOL,0,19604,0.0
2009,FLSCHOOL,0,25887,0.0
2012,FLSCHOOL,0,25313,0.0
2015,FLSCHOOL,0,6736,0.0
2018,FLSCHOOL,33383,35943,92.9
2022,FLSCHOOL,28720,30800,93.2
2025,FLSCHOOL,0,29966,0.0
2000,GCAWARE,0,6214,0.0
2003,GCAWARE,0,10791,0.0
2006,GCAWARE,0,19604,0.0
2009,GCAWARE,0,25887,0.0
2012,GCAWARE,0,25313,0.0
2015,GCAWARE,0,6736,0.0
2018,GCAWARE,32117,35943,89.4
2022,GCAWARE,0,30800,0.0
2025,GCAWARE,0,29966,0.0
2000,GCSELFEFF,0,6214,0.0
2003,GCSELFEFF,0,10791,0.0
2006,GCSELFEFF,0,19604,0.0
2009,GCSELFEFF,0,25887,0.0
2012,GCSELFEFF,0,25313,0.0
2015,GCSELFEFF,0,6736,0.0
2018,GCSELFEFF,32221,35943,89.6
2022,GCSELFEFF,0,30800,0.0
2025,GCSELFEFF,0,29966,0.0
2000,GFOFAIL,0,6214,0.0
2003,GFOFAIL,0,10791,0.0
2006,GFOFAIL,0,19604,0.0
2009,GFOFAIL,0,25887,0.0
2012,GFOFAIL,0,25313,0.0
2015,GFOFAIL,0,6736,0.0
2018,GFOFAIL,33517,35943,93.3
2022,GFOFAIL,0,30800,0.0
2025,GFOFAIL,0,29966,0.0
2000,GLOBMIND,0,6214,0.0
2003,GLOBMIND,0,10791,0.0
2006,GLOBMIND,0,19604,0.0
2009,GLOBMIND,0,25887,0.0
2012,GLOBMIND,0,25313,0.0
2015,GLOBMIND,0,6736,0.0
2018,GLOBMIND,29714,35943,82.7
2022,GLOBMIND,0,30800,0.0
2025,GLOBMIND,0,29966,0.0
2000,GOALSET,0,6214,0.0
2003,GOALSET,0,10791,0.0
2006,GOALSET,0,19604,0.0
2009,GOALSET,0,25887,0.0
2012,GOALSET,0,25313,0.0
2015,GOALSET,0,6736,0.0
2018,GOALSET,0,35943,0.0
2022,GOALSET,0,30800,0.0
2025,GOALSET,24481,29966,81.7
2000,GRADE,0,6214,0.0
2003,GRADE,10791,10791,100.0
2006,GRADE,0,19604,0.0
2009,GRADE,25887,25887,100.0
2012,GRADE,25313,25313,100.0
2015,GRADE,6736,6736,100.0
2018,GRADE,35943,35943,100.0
2022,GRADE,30800,30800,100.0
2025,GRADE,29966,29966,100.0
2000,GROSAGR,0,6214,0.0
2003,GROSAGR,0,10791,0.0
2006,GROSAGR,0,19604,0.0
2009,GROSAGR,0,25887,0.0
2012,GROSAGR,0,25313,0.0
2015,GROSAGR,0,6736,0.0
2018,GROSAGR,0,35943,0.0
2022,GROSAGR,28782,30800,93.4
2025,GROSAGR,0,29966,0.0
2000,HADDINST,0,6214,0.0
2003,HADDINST,0,10791,0.0
2006,HADDINST,0,19604,0.0
2009,HADDINST,0,25887,0.0
2012,HADDINST,0,25313,0.0
2015,HADDINST,5696,6736,84.6
2018,HADDINST,0,35943,0.0
2022,HADDINST,0,30800,0.0
2025,HADDINST,0,29966,0.0
2000,HEDRES,6147,6214,98.9
2003,HEDRES,10776,10791,99.9
2006,HEDRES,19533,19604,99.6
2009,HEDRES,25679,25887,99.2
2012,HEDRES,25068,25313,99.0
2015,HEDRES,6562,6736,97.4
2018,HEDRES,35454,35943,98.6
2022,HEDRES,0,30800,0.0
2025,HEDRES,0,29966,0.0
2000,HISEI,5923,6214,95.3
2003,HISEI,10378,10791,96.2
2006,HISEI,19084,19604,97.3
2009,HISEI,24843,25887,96.0
2012,HISEI,24906,25313,98.4
2015,HISEI,6320,6736,93.8
2018,HISEI,34246,35943,95.3
2022,HISEI,27908,30800,90.6
2025,HISEI,26900,29966,89.8
2000,HOMEPOS,0,6214,0.0
2003,HOMEPOS,10772,10791,99.8
2006,HOMEPOS,19542,19604,99.7
2009,HOMEPOS,25724,25887,99.4
2012,HOMEPOS,25104,25313,99.2
2015,HOMEPOS,6567,6736,97.5
2018,HOMEPOS,35474,35943,98.7
2022,HOMEPOS,29857,30800,96.9
2025,HOMEPOS,28996,29966,96.8
2000,HOMESCH,0,6214,0.0
2003,HOMESCH,0,10791,0.0
2006,HOMESCH,0,19604,0.0
2009,HOMESCH,0,25887,0.0
2012,HOMESCH,0,25313,0.0
2015,HOMESCH,6295,6736,93.5
2018,HOMESCH,29002,35943,80.7
2022,HOMESCH,0,30800,0.0
2025,HOMESCH,0,29966,0.0
2000,IBTEACH,0,6214,0.0
2003,IBTEACH,0,10791,0.0
2006,IBTEACH,0,19604,0.0
2009,IBTEACH,0,25887,0.0
2012,IBTEACH,0,25313,0.0
2015,IBTEACH,5351,6736,79.4
2018,IBTEACH,0,35943,0.0
2022,IBTEACH,0,30800,0.0
2025,IBTEACH,0,29966,0.0
2000,IC170Q10DA,0,6214,0.0
2003,IC170Q10DA,0,10791,0.0
2006,IC170Q10DA,0,19604,0.0
2009,IC170Q10DA,0,25887,0.0
2012,IC170Q10DA,0,25313,0.0
2015,IC170Q10DA,0,6736,0.0
2018,IC170Q10DA,0,35943,0.0
2022,IC170Q10DA,0,30800,0.0
2025,IC170Q10DA,23696,29966,79.1
2000,IC171Q10DA,0,6214,0.0
2003,IC171Q10DA,0,10791,0.0
2006,IC171Q10DA,0,19604,0.0
2009,IC171Q10DA,0,25887,0.0
2012,IC171Q10DA,0,25313,0.0
2015,IC171Q10DA,0,6736,0.0
2018,IC171Q10DA,0,35943,0.0
2022,IC171Q10DA,0,30800,0.0
2025,IC171Q10DA,23053,29966,76.9
2000,IC182Q05DA,0,6214,0.0
2003,IC182Q05DA,0,10791,0.0
2006,IC182Q05DA,0,19604,0.0
2009,IC182Q05DA,0,25887,0.0
2012,IC182Q05DA,0,25313,0.0
2015,IC182Q05DA,0,6736,0.0
2018,IC182Q05DA,0,35943,0.0
2022,IC182Q05DA,0,30800,0.0
2025,IC182Q05DA,22352,29966,74.6
2000,ICTAVSCH,0,6214,0.0
2003,ICTAVSCH,0,10791,0.0
2006,ICTAVSCH,0,19604,0.0
2009,ICTAVSCH,0,25887,0.0
2012,ICTAVSCH,0,25313,0.0
2015,ICTAVSCH,0,6736,0.0
2018,ICTAVSCH,0,35943,0.0
2022,ICTAVSCH,28983,30800,94.1
2025,ICTAVSCH,25847,29966,86.3
2000,ICTDISTR,0,6214,0.0
2003,ICTDISTR,0,10791,0.0
2006,ICTDISTR,0,19604,0.0
2009,ICTDISTR,0,25887,0.0
2012,ICTDISTR,0,25313,0.0
2015,ICTDISTR,0,6736,0.0
2018,ICTDISTR,0,35943,0.0
2022,ICTDISTR,24329,30800,79.0
2025,ICTDISTR,19231,29966,64.2
2000,ICTFEED,0,6214,0.0
2003,ICTFEED,0,10791,0.0
2006,ICTFEED,0,19604,0.0
2009,ICTFEED,0,25887,0.0
2012,ICTFEED,0,25313,0.0
2015,ICTFEED,0,6736,0.0
2018,ICTFEED,0,35943,0.0
2022,ICTFEED,27654,30800,89.8
2025,ICTFEED,23946,29966,79.9
2000,ICTHOME,0,6214,0.0
2003,ICTHOME,0,10791,0.0
2006,ICTHOME,0,19604,0.0
2009,ICTHOME,0,25887,0.0
2012,ICTHOME,0,25313,0.0
2015,ICTHOME,0,6736,0.0
2018,ICTHOME,0,35943,0.0
2022,ICTHOME,27839,30800,90.4
2025,ICTHOME,24457,29966,81.6
2000,ICTINFO,0,6214,0.0
2003,ICTINFO,0,10791,0.0
2006,ICTINFO,0,19604,0.0
2009,ICTINFO,0,25887,0.0
2012,ICTINFO,0,25313,0.0
2015,ICTINFO,0,6736,0.0
2018,ICTINFO,0,35943,0.0
2022,ICTINFO,26923,30800,87.4
2025,ICTINFO,22485,29966,75.0
2000,ICTOUT,0,6214,0.0
2003,ICTOUT,0,10791,0.0
2006,ICTOUT,0,19604,0.0
2009,ICTOUT,0,25887,0.0
2012,ICTOUT,0,25313,0.0
2015,ICTOUT,0,6736,0.0
2018,ICTOUT,0,35943,0.0
2022,ICTOUT,27550,30800,89.4
2025,ICTOUT,23829,29966,79.5
2000,ICTQUAL,0,6214,0.0
2003,ICTQUAL,0,10791,0.0
2006,ICTQUAL,0,19604,0.0
2009,ICTQUAL,0,25887,0.0
2012,ICTQUAL,0,25313,0.0
2015,ICTQUAL,0,6736,0.0
2018,ICTQUAL,0,35943,0.0
2022,ICTQUAL,28100,30800,91.2
2025,ICTQUAL,24453,29966,81.6
2000,ICTREG,0,6214,0.0
2003,ICTREG,0,10791,0.0
2006,ICTREG,0,19604,0.0
2009,ICTREG,0,25887,0.0
2012,ICTREG,0,25313,0.0
2015,ICTREG,0,6736,0.0
2018,ICTREG,0,35943,0.0
2022,ICTREG,27468,30800,89.2
2025,ICTREG,23223,29966,77.5
2000,ICTRES,0,6214,0.0
2003,ICTRES,0,10791,0.0
2006,ICTRES,0,19604,0.0
2009,ICTRES,25715,25887,99.3
2012,ICTRES,0,25313,0.0
2015,ICTRES,6565,6736,97.5
2018,ICTRES,35442,35943,98.6
2022,ICTRES,0,30800,0.0
2025,ICTRES,28987,29966,96.7
2000,ICTSCH,0,6214,0.0
2003,ICTSCH,0,10791,0.0
2006,ICTSCH,0,19604,0.0
2009,ICTSCH,0,25887,0.0
2012,ICTSCH,0,25313,0.0
2015,ICTSCH,0,6736,0.0
2018,ICTSCH,0,35943,0.0
2022,ICTSCH,28663,30800,93.1
2025,ICTSCH,25615,29966,85.5
2000,ICTWKDY,0,6214,0.0
2003,ICTWKDY,0,10791,0.0
2006,ICTWKDY,0,19604,0.0
2009,ICTWKDY,0,25887,0.0
2012,ICTWKDY,0,25313,0.0
2015,ICTWKDY,0,6736,0.0
2018,ICTWKDY,0,35943,0.0
2022,ICTWKDY,27566,30800,89.5
2025,ICTWKDY,23748,29966,79.2
2000,ICTWKEND,0,6214,0.0
2003,ICTWKEND,0,10791,0.0
2006,ICTWKEND,0,19604,0.0
2009,ICTWKEND,0,25887,0.0
2012,ICTWKEND,0,25313,0.0
2015,ICTWKEND,0,6736,0.0
2018,ICTWKEND,0,35943,0.0
2022,ICTWKEND,26485,30800,86.0
2025,ICTWKEND,22901,29966,76.4
2000,INFOCAR,0,6214,0.0
2003,INFOCAR,0,10791,0.0
2006,INFOCAR,0,19604,0.0
2009,INFOCAR,0,25887,0.0
2012,INFOCAR,0,25313,0.0
2015,INFOCAR,0,6736,0.0
2018,INFOCAR,30489,35943,84.8
2022,INFOCAR,0,30800,0.0
2025,INFOCAR,0,29966,0.0
2000,INSTMOT,0,6214,0.0
2003,INSTMOT,10732,10791,99.5
2006,INSTMOT,0,19604,0.0
2009,INSTMOT,0,25887,0.0
2012,INSTMOT,16661,25313,65.8
2015,INSTMOT,0,6736,0.0
2018,INSTMOT,0,35943,0.0
2022,INSTMOT,0,30800,0.0
2025,INSTMOT,0,29966,0.0
2000,INSTSCIE,0,6214,0.0
2003,INSTSCIE,0,10791,0.0
2006,INSTSCIE,19231,19604,98.1
2009,INSTSCIE,0,25887,0.0
2012,INSTSCIE,0,25313,0.0
2015,INSTSCIE,6223,6736,92.4
2018,INSTSCIE,0,35943,0.0
2022,INSTSCIE,0,30800,0.0
2025,INSTSCIE,0,29966,0.0
2000,INTBRSCI,0,6214,0.0
2003,INTBRSCI,0,10791,0.0
2006,INTBRSCI,0,19604,0.0
2009,INTBRSCI,0,25887,0.0
2012,INTBRSCI,0,25313,0.0
2015,INTBRSCI,6267,6736,93.0
2018,INTBRSCI,0,35943,0.0
2022,INTBRSCI,0,30800,0.0
2025,INTBRSCI,0,29966,0.0
2000,INTCULT,0,6214,0.0
2003,INTCULT,0,10791,0.0
2006,INTCULT,0,19604,0.0
2009,INTCULT,0,25887,0.0
2012,INTCULT,0,25313,0.0
2015,INTCULT,0,6736,0.0
2018,INTCULT,30517,35943,84.9
2022,INTCULT,0,30800,0.0
2025,INTCULT,0,29966,0.0
2000,INTICT,0,6214,0.0
2003,INTICT,0,10791,0.0
2006,INTICT,0,19604,0.0
2009,INTICT,0,25887,0.0
2012,INTICT,0,25313,0.0
2015,INTICT,0,6736,0.0
2018,INTICT,0,35943,0.0
2022,INTICT,0,30800,0.0
2025,INTICT,22522,29966,75.2
2000,INTMAT,0,6214,0.0
2003,INTMAT,10732,10791,99.5
2006,INTMAT,0,19604,0.0
2009,INTMAT,0,25887,0.0
2012,INTMAT,16668,25313,65.8
2015,INTMAT,0,6736,0.0
2018,INTMAT,0,35943,0.0
2022,INTMAT,0,30800,0.0
2025,INTMAT,0,29966,0.0
2000,JOYREAD,6102,6214,98.2
2003,JOYREAD,0,10791,0.0
2006,JOYREAD,0,19604,0.0
2009,JOYREAD,25292,25887,97.7
2012,JOYREAD,0,25313,0.0
2015,JOYREAD,0,6736,0.0
2018,JOYREAD,34983,35943,97.3
2022,JOYREAD,0,30800,0.0
2025,JOYREAD,0,29966,0.0
2000,JOYSCIE,0,6214,0.0
2003,JOYSCIE,0,10791,0.0
2006,JOYSCIE,0,19604,0.0
2009,JOYSCIE,0,25887,0.0
2012,JOYSCIE,0,25313,0.0
2015,JOYSCIE,0,6736,0.0
2018,JOYSCIE,0,35943,0.0
2022,JOYSCIE,0,30800,0.0
2025,JOYSCIE,27382,29966,91.4
2000,LEARRES,0,6214,0.0
2003,LEARRES,0,10791,0.0
2006,LEARRES,0,19604,0.0
2009,LEARRES,0,25887,0.0
2012,LEARRES,0,25313,0.0
2015,LEARRES,0,6736,0.0
2018,LEARRES,0,35943,0.0
2022,LEARRES,19762,30800,64.2
2025,LEARRES,0,29966,0.0
2000,LIFESAT,0,6214,0.0
2003,LIFESAT,0,10791,0.0
2006,LIFESAT,0,19604,0.0
2009,LIFESAT,0,25887,0.0
2012,LIFESAT,0,25313,0.0
2015,LIFESAT,0,6736,0.0
2018,LIFESAT,0,35943,0.0
2022,LIFESAT,28265,30800,91.8
2025,LIFESAT,0,29966,0.0
2000,LMINS,0,6214,0.0
2003,LMINS,0,10791,0.0
2006,LMINS,0,19604,0.0
2009,LMINS,23807,25887,92.0
2012,LMINS,15578,25313,61.5
2015,LMINS,6573,6736,97.6
2018,LMINS,27008,35943,75.1
2022,LMINS,0,30800,0.0
2025,LMINS,0,29966,0.0
2000,MASTGOAL,0,6214,0.0
2003,MASTGOAL,0,10791,0.0
2006,MASTGOAL,0,19604,0.0
2009,MASTGOAL,0,25887,0.0
2012,MASTGOAL,0,25313,0.0
2015,MASTGOAL,0,6736,0.0
2018,MASTGOAL,32988,35943,91.8
2022,MASTGOAL,0,30800,0.0
2025,MASTGOAL,0,29966,0.0
2000,MATBEH,0,6214,0.0
2003,MATBEH,0,10791,0.0
2006,MATBEH,0,19604,0.0
2009,MATBEH,0,25887,0.0
2012,MATBEH,16583,25313,65.5
2015,MATBEH,0,6736,0.0
2018,MATBEH,0,35943,0.0
2022,MATBEH,0,30800,0.0
2025,MATBEH,0,29966,0.0
2000,MATHEASE,0,6214,0.0
2003,MATHEASE,0,10791,0.0
2006,MATHEASE,0,19604,0.0
2009,MATHEASE,0,25887,0.0
2012,MATHEASE,0,25313,0.0
2015,MATHEASE,0,6736,0.0
2018,MATHEASE,0,35943,0.0
2022,MATHEASE,28293,30800,91.9
2025,MATHEASE,0,29966,0.0
2000,MATHEF21,0,6214,0.0
2003,MATHEF21,0,10791,0.0
2006,MATHEF21,0,19604,0.0
2009,MATHEF21,0,25887,0.0
2012,MATHEF21,0,25313,0.0
2015,MATHEF21,0,6736,0.0
2018,MATHEF21,0,35943,0.0
2022,MATHEF21,27672,30800,89.8
2025,MATHEF21,0,29966,0.0
2000,MATHEFF,0,6214,0.0
2003,MATHEFF,10699,10791,99.1
2006,MATHEFF,0,19604,0.0
2009,MATHEFF,0,25887,0.0
2012,MATHEFF,16656,25313,65.8
2015,MATHEFF,0,6736,0.0
2018,MATHEFF,0,35943,0.0
2022,MATHEFF,28009,30800,90.9
2025,MATHEFF,0,29966,0.0
2000,MATHMOT,0,6214,0.0
2003,MATHMOT,0,10791,0.0
2006,MATHMOT,0,19604,0.0
2009,MATHMOT,0,25887,0.0
2012,MATHMOT,0,25313,0.0
2015,MATHMOT,0,6736,0.0
2018,MATHMOT,0,35943,0.0
2022,MATHMOT,28304,30800,91.9
2025,MATHMOT,0,29966,0.0
2000,MATHPERS,0,6214,0.0
2003,MATHPERS,0,10791,0.0
2006,MATHPERS,0,19604,0.0
2009,MATHPERS,0,25887,0.0
2012,MATHPERS,0,25313,0.0
2015,MATHPERS,0,6736,0.0
2018,MATHPERS,0,35943,0.0
2022,MATHPERS,27707,30800,90.0
2025,MATHPERS,0,29966,0.0
2000,MATINTFC,0,6214,0.0
2003,MATINTFC,0,10791,0.0
2006,MATINTFC,0,19604,0.0
2009,MATINTFC,0,25887,0.0
2012,MATINTFC,15955,25313,63.0
2015,MATINTFC,0,6736,0.0
2018,MATINTFC,0,35943,0.0
2022,MATINTFC,0,30800,0.0
2025,MATINTFC,0,29966,0.0
2000,MATWKETH,0,6214,0.0
2003,MATWKETH,0,10791,0.0
2006,MATWKETH,0,19604,0.0
2009,MATWKETH,0,25887,0.0
2012,MATWKETH,16596,25313,65.6
2015,MATWKETH,0,6736,0.0
2018,MATWKETH,0,35943,0.0
2022,MATWKETH,0,30800,0.0
2025,MATWKETH,0,29966,0.0
2000,MEMOR,0,6214,0.0
2003,MEMOR,10682,10791,99.0
2006,MEMOR,0,19604,0.0
2009,MEMOR,25642,25887,99.1
2012,MEMOR,0,25313,0.0
2015,MEMOR,0,6736,0.0
2018,MEMOR,0,35943,0.0
2022,MEMOR,0,30800,0.0
2025,MEMOR,0,29966,0.0
2000,METASPAM,0,6214,0.0
2003,METASPAM,0,10791,0.0
2006,METASPAM,0,19604,0.0
2009,METASPAM,0,25887,0.0
2012,METASPAM,0,25313,0.0
2015,METASPAM,0,6736,0.0
2018,METASPAM,32281,35943,89.8
2022,METASPAM,0,30800,0.0
2025,METASPAM,0,29966,0.0
2000,METASUM,0,6214,0.0
2003,METASUM,0,10791,0.0
2006,METASUM,0,19604,0.0
2009,METASUM,25166,25887,97.2
2012,METASUM,0,25313,0.0
2015,METASUM,0,6736,0.0
2018,METASUM,33096,35943,92.1
2022,METASUM,0,30800,0.0
2025,METASUM,0,29966,0.0
2000,MISSSC,0,6214,0.0
2003,MISSSC,0,10791,0.0
2006,MISSSC,0,19604,0.0
2009,MISSSC,0,25887,0.0
2012,MISSSC,0,25313,0.0
2015,MISSSC,0,6736,0.0
2018,MISSSC,0,35943,0.0
2022,MISSSC,0,30800,0.0
2025,MISSSC,0,29966,0.0
2000,MMINS,5743,6214,92.4
2003,MMINS,10791,10791,100.0
2006,MMINS,0,19604,0.0
2009,MMINS,23904,25887,92.3
2012,MMINS,15623,25313,61.7
2015,MMINS,6571,6736,97.6
2018,MMINS,27015,35943,75.2
2022,MMINS,0,30800,0.0
2025,MMINS,0,29966,0.0
2000,MOTIVAT,0,6214,0.0
2003,MOTIVAT,0,10791,0.0
2006,MOTIVAT,0,19604,0.0
2009,MOTIVAT,0,25887,0.0
2012,MOTIVAT,0,25313,0.0
2015,MOTIVAT,6536,6736,97.0
2018,MOTIVAT,0,35943,0.0
2022,MOTIVAT,0,30800,0.0
2025,MOTIVAT,0,29966,0.0
2000,ONLNREAD,0,6214,0.0
2003,ONLNREAD,0,10791,0.0
2006,ONLNREAD,0,19604,0.0
2009,ONLNREAD,25649,25887,99.1
2012,ONLNREAD,0,25313,0.0
2015,ONLNREAD,0,6736,0.0
2018,ONLNREAD,0,35943,0.0
2022,ONLNREAD,0,30800,0.0
2025,ONLNREAD,0,29966,0.0
2000,OPENART,0,6214,0.0
2003,OPENART,0,10791,0.0
2006,OPENART,0,19604,0.0
2009,OPENART,0,25887,0.0
2012,OPENART,0,25313,0.0
2015,OPENART,0,6736,0.0
2018,OPENART,0,35943,0.0
2022,OPENART,26990,30800,87.6
2025,OPENART,0,29966,0.0
2000,OPENPS,0,6214,0.0
2003,OPENPS,0,10791,0.0
2006,OPENPS,0,19604,0.0
2009,OPENPS,0,25887,0.0
2012,OPENPS,16537,25313,65.3
2015,OPENPS,0,6736,0.0
2018,OPENPS,0,35943,0.0
2022,OPENPS,0,30800,0.0
2025,OPENPS,0,29966,0.0
2000,OPENVLRN,0,6214,0.0
2003,OPENVLRN,0,10791,0.0
2006,OPENVLRN,0,19604,0.0
2009,OPENVLRN,0,25887,0.0
2012,OPENVLRN,0,25313,0.0
2015,OPENVLRN,0,6736,0.0
2018,OPENVLRN,0,35943,0.0
2022,OPENVLRN,0,30800,0.0
2025,OPENVLRN,26956,29966,90.0
2000,OUTHOURS,0,6214,0.0
2003,OUTHOURS,0,10791,0.0
2006,OUTHOURS,0,19604,0.0
2009,OUTHOURS,0,25887,0.0
2012,OUTHOURS,16525,25313,65.3
2015,OUTHOURS,6338,6736,94.1
2018,OUTHOURS,0,35943,0.0
2022,OUTHOURS,0,30800,0.0
2025,OUTHOURS,0,29966,0.0
2000,PAREDINT,0,6214,0.0
2003,PAREDINT,10271,10791,95.2
2006,PAREDINT,19220,19604,98.0
2009,PAREDINT,25257,25887,97.6
2012,PAREDINT,24818,25313,98.0
2015,PAREDINT,6632,6736,98.5
2018,PAREDINT,34925,35943,97.2
2022,PAREDINT,29394,30800,95.4
2025,PAREDINT,27813,29966,92.8
2000,PERCOMP,0,6214,0.0
2003,PERCOMP,0,10791,0.0
2006,PERCOMP,0,19604,0.0
2009,PERCOMP,0,25887,0.0
2012,PERCOMP,0,25313,0.0
2015,PERCOMP,0,6736,0.0
2018,PERCOMP,27466,35943,76.4
2022,PERCOMP,0,30800,0.0
2025,PERCOMP,0,29966,0.0
2000,PERCOOP,0,6214,0.0
2003,PERCOOP,0,10791,0.0
2006,PERCOOP,0,19604,0.0
2009,PERCOOP,0,25887,0.0
2012,PERCOOP,0,25313,0.0
2015,PERCOOP,0,6736,0.0
2018,PERCOOP,26306,35943,73.2
2022,PERCOOP,0,30800,0.0
2025,PERCOOP,0,29966,0.0
2000,PERFEED,0,6214,0.0
2003,PERFEED,0,10791,0.0
2006,PERFEED,0,19604,0.0
2009,PERFEED,0,25887,0.0
2012,PERFEED,0,25313,0.0
2015,PERFEED,5323,6736,79.0
2018,PERFEED,34850,35943,97.0
2022,PERFEED,0,30800,0.0
2025,PERFEED,0,29966,0.0
2000,PERSEV,0,6214,0.0
2003,PERSEV,0,10791,0.0
2006,PERSEV,0,19604,0.0
2009,PERSEV,0,25887,0.0
2012,PERSEV,0,25313,0.0
2015,PERSEV,0,6736,0.0
2018,PERSEV,0,35943,0.0
2022,PERSEV,0,30800,0.0
2025,PERSEV,25357,29966,84.6
2000,PERSEVAGR,0,6214,0.0
2003,PERSEVAGR,0,10791,0.0
2006,PERSEVAGR,0,19604,0.0
2009,PERSEVAGR,0,25887,0.0
2012,PERSEVAGR,0,25313,0.0
2015,PERSEVAGR,0,6736,0.0
2018,PERSEVAGR,0,35943,0.0
2022,PERSEVAGR,29167,30800,94.7
2025,PERSEVAGR,0,29966,0.0
2000,PERSPECT,0,6214,0.0
2003,PERSPECT,0,10791,0.0
2006,PERSPECT,0,19604,0.0
2009,PERSPECT,0,25887,0.0
2012,PERSPECT,0,25313,0.0
2015,PERSPECT,0,6736,0.0
2018,PERSPECT,31527,35943,87.7
2022,PERSPECT,0,30800,0.0
2025,PERSPECT,0,29966,0.0
2000,PISADIFF,0,6214,0.0
2003,PISADIFF,0,10791,0.0
2006,PISADIFF,0,19604,0.0
2009,PISADIFF,0,25887,0.0
2012,PISADIFF,0,25313,0.0
2015,PISADIFF,0,6736,0.0
2018,PISADIFF,34320,35943,95.5
2022,PISADIFF,0,30800,0.0
2025,PISADIFF,0,29966,0.0
2000,PQENPERC,0,6214,0.0
2003,PQENPERC,0,10791,0.0
2006,PQENPERC,0,19604,0.0
2009,PQENPERC,0,25887,0.0
2012,PQENPERC,0,25313,0.0
2015,PQENPERC,4660,6736,69.2
2018,PQENPERC,0,35943,0.0
2022,PQENPERC,0,30800,0.0
2025,PQENPERC,0,29966,0.0
2000,PQENVOPT,0,6214,0.0
2003,PQENVOPT,0,10791,0.0
2006,PQENVOPT,0,19604,0.0
2009,PQENVOPT,0,25887,0.0
2012,PQENVOPT,0,25313,0.0
2015,PQENVOPT,4654,6736,69.1
2018,PQENVOPT,0,35943,0.0
2022,PQENVOPT,0,30800,0.0
2025,PQENVOPT,0,29966,0.0
2000,PQGENSCI,0,6214,0.0
2003,PQGENSCI,0,10791,0.0
2006,PQGENSCI,0,19604,0.0
2009,PQGENSCI,0,25887,0.0
2012,PQGENSCI,0,25313,0.0
2015,PQGENSCI,4631,6736,68.8
2018,PQGENSCI,0,35943,0.0
2022,PQGENSCI,0,30800,0.0
2025,PQGENSCI,0,29966,0.0
2000,PQSCHOOL,0,6214,0.0
2003,PQSCHOOL,0,10791,0.0
2006,PQSCHOOL,0,19604,0.0
2009,PQSCHOOL,0,25887,0.0
2012,PQSCHOOL,0,25313,0.0
2015,PQSCHOOL,4689,6736,69.6
2018,PQSCHOOL,0,35943,0.0
2022,PQSCHOOL,0,30800,0.0
2025,PQSCHOOL,0,29966,0.0
2000,PRESUPP,0,6214,0.0
2003,PRESUPP,0,10791,0.0
2006,PRESUPP,0,19604,0.0
2009,PRESUPP,0,25887,0.0
2012,PRESUPP,0,25313,0.0
2015,PRESUPP,4679,6736,69.5
2018,PRESUPP,0,35943,0.0
2022,PRESUPP,0,30800,0.0
2025,PRESUPP,0,29966,0.0
2000,PROBSELF,0,6214,0.0
2003,PROBSELF,0,10791,0.0
2006,PROBSELF,0,19604,0.0
2009,PROBSELF,0,25887,0.0
2012,PROBSELF,0,25313,0.0
2015,PROBSELF,0,6736,0.0
2018,PROBSELF,0,35943,0.0
2022,PROBSELF,19665,30800,63.8
2025,PROBSELF,0,29966,0.0
2000,PSYCHSYM,0,6214,0.0
2003,PSYCHSYM,0,10791,0.0
2006,PSYCHSYM,0,19604,0.0
2009,PSYCHSYM,0,25887,0.0
2012,PSYCHSYM,0,25313,0.0
2015,PSYCHSYM,0,6736,0.0
2018,PSYCHSYM,0,35943,0.0
2022,PSYCHSYM,28450,30800,92.4
2025,PSYCHSYM,0,29966,0.0
2000,RELATST,0,6214,0.0
2003,RELATST,0,10791,0.0
2006,RELATST,0,19604,0.0
2009,RELATST,0,25887,0.0
2012,RELATST,0,25313,0.0
2015,RELATST,0,6736,0.0
2018,RELATST,0,35943,0.0
2022,RELATST,29610,30800,96.1
2025,RELATST,0,29966,0.0
2000,RESILIENCE,0,6214,0.0
2003,RESILIENCE,0,10791,0.0
2006,RESILIENCE,0,19604,0.0
2009,RESILIENCE,0,25887,0.0
2012,RESILIENCE,0,25313,0.0
2015,RESILIENCE,0,6736,0.0
2018,RESILIENCE,33114,35943,92.1
2022,RESILIENCE,0,30800,0.0
2025,RESILIENCE,0,29966,0.0
2000,RESPECT,0,6214,0.0
2003,RESPECT,0,10791,0.0
2006,RESPECT,0,19604,0.0
2009,RESPECT,0,25887,0.0
2012,RESPECT,0,25313,0.0
2015,RESPECT,0,6736,0.0
2018,RESPECT,30106,35943,83.8
2022,RESPECT,0,30800,0.0
2025,RESPECT,0,29966,0.0
2000,SCIEACT,0,6214,0.0
2003,SCIEACT,0,10791,0.0
2006,SCIEACT,19515,19604,99.5
2009,SCIEACT,0,25887,0.0
2012,SCIEACT,0,25313,0.0
2015,SCIEACT,6221,6736,92.4
2018,SCIEACT,0,35943,0.0
2022,SCIEACT,0,30800,0.0
2025,SCIEACT,0,29966,0.0
2000,SCMAT,0,6214,0.0
2003,SCMAT,10721,10791,99.4
2006,SCMAT,0,19604,0.0
2009,SCMAT,0,25887,0.0
2012,SCMAT,16633,25313,65.7
2015,SCMAT,0,6736,0.0
2018,SCMAT,0,35943,0.0
2022,SCMAT,0,30800,0.0
2025,SCMAT,0,29966,0.0
2000,SDLEFF,0,6214,0.0
2003,SDLEFF,0,10791,0.0
2006,SDLEFF,0,19604,0.0
2009,SDLEFF,0,25887,0.0
2012,SDLEFF,0,25313,0.0
2015,SDLEFF,0,6736,0.0
2018,SDLEFF,0,35943,0.0
2022,SDLEFF,19398,30800,63.0
2025,SDLEFF,0,29966,0.0
2000,SELFREG,0,6214,0.0
2003,SELFREG,0,10791,0.0
2006,SELFREG,0,19604,0.0
2009,SELFREG,0,25887,0.0
2012,SELFREG,0,25313,0.0
2015,SELFREG,0,6736,0.0
2018,SELFREG,0,35943,0.0
2022,SELFREG,0,30800,0.0
2025,SELFREG,24492,29966,81.7
2000,SISCO,0,6214,0.0
2003,SISCO,0,10791,0.0
2006,SISCO,0,19604,0.0
2009,SISCO,0,25887,0.0
2012,SISCO,0,25313,0.0
2015,SISCO,0,6736,0.0
2018,SISCO,0,35943,0.0
2022,SISCO,24970,30800,81.1
2025,SISCO,25185,29966,84.0
2000,SKIPPING,0,6214,0.0
2003,SKIPPING,0,10791,0.0
2006,SKIPPING,0,19604,0.0
2009,SKIPPING,0,25887,0.0
2012,SKIPPING,0,25313,0.0
2015,SKIPPING,0,6736,0.0
2018,SKIPPING,0,35943,0.0
2022,SKIPPING,29573,30800,96.0
2025,SKIPPING,28626,29966,95.5
2000,SMINS,5422,6214,87.3
2003,SMINS,0,10791,0.0
2006,SMINS,0,19604,0.0
2009,SMINS,21487,25887,83.0
2012,SMINS,14427,25313,57.0
2015,SMINS,6513,6736,96.7
2018,SMINS,26699,35943,74.3
2022,SMINS,0,30800,0.0
2025,SMINS,0,29966,0.0
2000,SOCCON,0,6214,0.0
2003,SOCCON,0,10791,0.0
2006,SOCCON,0,19604,0.0
2009,SOCCON,0,25887,0.0
2012,SOCCON,0,25313,0.0
2015,SOCCON,0,6736,0.0
2018,SOCCON,0,35943,0.0
2022,SOCCON,27889,30800,90.5
2025,SOCCON,0,29966,0.0
2000,SOCONPA,0,6214,0.0
2003,SOCONPA,0,10791,0.0
2006,SOCONPA,0,19604,0.0
2009,SOCONPA,0,25887,0.0
2012,SOCONPA,0,25313,0.0
2015,SOCONPA,0,6736,0.0
2018,SOCONPA,26814,35943,74.6
2022,SOCONPA,27790,30800,90.2
2025,SOCONPA,0,29966,0.0
2000,SOIAICT,0,6214,0.0
2003,SOIAICT,0,10791,0.0
2006,SOIAICT,0,19604,0.0
2009,SOIAICT,0,25887,0.0
2012,SOIAICT,0,25313,0.0
2015,SOIAICT,6127,6736,91.0
2018,SOIAICT,25159,35943,70.0
2022,SOIAICT,0,30800,0.0
2025,SOIAICT,22891,29966,76.4
2000,ST016Q01NA,0,6214,0.0
2003,ST016Q01NA,0,10791,0.0
2006,ST016Q01NA,0,19604,0.0
2009,ST016Q01NA,0,25887,0.0
2012,ST016Q01NA,0,25313,0.0
2015,ST016Q01NA,0,6736,0.0
2018,ST016Q01NA,0,35943,0.0
2022,ST016Q01NA,29588,30800,96.1
2025,ST016Q01NA,26115,29966,87.1
2000,ST097Q06DA,0,6214,0.0
2003,ST097Q06DA,0,10791,0.0
2006,ST097Q06DA,0,19604,0.0
2009,ST097Q06DA,0,25887,0.0
2012,ST097Q06DA,0,25313,0.0
2015,ST097Q06DA,0,6736,0.0
2018,ST097Q06DA,0,35943,0.0
2022,ST097Q06DA,0,30800,0.0
2025,ST097Q06DA,27076,29966,90.4
2000,ST255Q01JA,0,6214,0.0
2003,ST255Q01JA,0,10791,0.0
2006,ST255Q01JA,0,19604,0.0
2009,ST255Q01JA,0,25887,0.0
2012,ST255Q01JA,0,25313,0.0
2015,ST255Q01JA,0,6736,0.0
2018,ST255Q01JA,0,35943,0.0
2022,ST255Q01JA,29793,30800,96.7
2025,ST255Q01JA,28827,29966,96.2
2000,ST273Q06JA,0,6214,0.0
2003,ST273Q06JA,0,10791,0.0
2006,ST273Q06JA,0,19604,0.0
2009,ST273Q06JA,0,25887,0.0
2012,ST273Q06JA,0,25313,0.0
2015,ST273Q06JA,0,6736,0.0
2018,ST273Q06JA,0,35943,0.0
2022,ST273Q06JA,20559,30800,66.8
2025,ST273Q06JA,0,29966,0.0
2000,ST296Q01JA,0,6214,0.0
2003,ST296Q01JA,0,10791,0.0
2006,ST296Q01JA,0,19604,0.0
2009,ST296Q01JA,0,25887,0.0
2012,ST296Q01JA,0,25313,0.0
2015,ST296Q01JA,0,6736,0.0
2018,ST296Q01JA,0,35943,0.0
2022,ST296Q01JA,28763,30800,93.4
2025,ST296Q01JA,0,29966,0.0
2000,ST296Q02JA,0,6214,0.0
2003,ST296Q02JA,0,10791,0.0
2006,ST296Q02JA,0,19604,0.0
2009,ST296Q02JA,0,25887,0.0
2012,ST296Q02JA,0,25313,0.0
2015,ST296Q02JA,0,6736,0.0
2018,ST296Q02JA,0,35943,0.0
2022,ST296Q02JA,28682,30800,93.1
2025,ST296Q02JA,0,29966,0.0
2000,ST296Q03JA,0,6214,0.0
2003,ST296Q03JA,0,10791,0.0
2006,ST296Q03JA,0,19604,0.0
2009,ST296Q03JA,0,25887,0.0
2012,ST296Q03JA,0,25313,0.0
2015,ST296Q03JA,0,6736,0.0
2018,ST296Q03JA,0,35943,0.0
2022,ST296Q03JA,27953,30800,90.8
2025,ST296Q03JA,25050,29966,83.6
2000,ST296Q04JA,0,6214,0.0
2003,ST296Q04JA,0,10791,0.0
2006,ST296Q04JA,0,19604,0.0
2009,ST296Q04JA,0,25887,0.0
2012,ST296Q04JA,0,25313,0.0
2015,ST296Q04JA,0,6736,0.0
2018,ST296Q04JA,0,35943,0.0
2022,ST296Q04JA,28775,30800,93.4
2025,ST296Q04JA,25696,29966,85.8
2000,ST322Q02JA,0,6214,0.0
2003,ST322Q02JA,0,10791,0.0
2006,ST322Q02JA,0,19604,0.0
2009,ST322Q02JA,0,25887,0.0
2012,ST322Q02JA,0,25313,0.0
2015,ST322Q02JA,0,6736,0.0
2018,ST322Q02JA,0,35943,0.0
2022,ST322Q02JA,24511,30800,79.6
2025,ST322Q02JA,26411,29966,88.1
2000,ST436Q16DA,0,6214,0.0
2003,ST436Q16DA,0,10791,0.0
2006,ST436Q16DA,0,19604,0.0
2009,ST436Q16DA,0,25887,0.0
2012,ST436Q16DA,0,25313,0.0
2015,ST436Q16DA,0,6736,0.0
2018,ST436Q16DA,0,35943,0.0
2022,ST436Q16DA,0,30800,0.0
2025,ST436Q16DA,25139,29966,83.9
2000,ST438Q01DA,0,6214,0.0
2003,ST438Q01DA,0,10791,0.0
2006,ST438Q01DA,0,19604,0.0
2009,ST438Q01DA,0,25887,0.0
2012,ST438Q01DA,0,25313,0.0
2015,ST438Q01DA,0,6736,0.0
2018,ST438Q01DA,0,35943,0.0
2022,ST438Q01DA,0,30800,0.0
2025,ST438Q01DA,26780,29966,89.4
2000,ST438Q02DA,0,6214,0.0
2003,ST438Q02DA,0,10791,0.0
2006,ST438Q02DA,0,19604,0.0
2009,ST438Q02DA,0,25887,0.0
2012,ST438Q02DA,0,25313,0.0
2015,ST438Q02DA,0,6736,0.0
2018,ST438Q02DA,0,35943,0.0
2022,ST438Q02DA,0,30800,0.0
2025,ST438Q02DA,26664,29966,89.0
2000,ST438Q03DA,0,6214,0.0
2003,ST438Q03DA,0,10791,0.0
2006,ST438Q03DA,0,19604,0.0
2009,ST438Q03DA,0,25887,0.0
2012,ST438Q03DA,0,25313,0.0
2015,ST438Q03DA,0,6736,0.0
2018,ST438Q03DA,0,35943,0.0
2022,ST438Q03DA,0,30800,0.0
2025,ST438Q03DA,26490,29966,88.4
2000,ST438Q04DA,0,6214,0.0
2003,ST438Q04DA,0,10791,0.0
2006,ST438Q04DA,0,19604,0.0
2009,ST438Q04DA,0,25887,0.0
2012,ST438Q04DA,0,25313,0.0
2015,ST438Q04DA,0,6736,0.0
2018,ST438Q04DA,0,35943,0.0
2022,ST438Q04DA,0,30800,0.0
2025,ST438Q04DA,26605,29966,88.8
2000,STUDREL,6112,6214,98.4
2003,STUDREL,0,10791,0.0
2006,STUDREL,0,19604,0.0
2009,STUDREL,25586,25887,98.8
2012,STUDREL,16551,25313,65.4
2015,STUDREL,0,6736,0.0
2018,STUDREL,0,35943,0.0
2022,STUDREL,0,30800,0.0
2025,STUDREL,0,29966,0.0
2000,STUDYHMW,0,6214,0.0
2003,STUDYHMW,0,10791,0.0
2006,STUDYHMW,0,19604,0.0
2009,STUDYHMW,0,25887,0.0
2012,STUDYHMW,0,25313,0.0
2015,STUDYHMW,0,6736,0.0
2018,STUDYHMW,0,35943,0.0
2022,STUDYHMW,29665,30800,96.3
2025,STUDYHMW,0,29966,0.0
2000,SWBP,0,6214,0.0
2003,SWBP,0,10791,0.0
2006,SWBP,0,19604,0.0
2009,SWBP,0,25887,0.0
2012,SWBP,0,25313,0.0
2015,SWBP,0,6736,0.0
2018,SWBP,33133,35943,92.2
2022,SWBP,0,30800,0.0
2025,SWBP,0,29966,0.0
2000,TARDYSD,0,6214,0.0
2003,TARDYSD,0,10791,0.0
2006,TARDYSD,0,19604,0.0
2009,TARDYSD,0,25887,0.0
2012,TARDYSD,0,25313,0.0
2015,TARDYSD,0,6736,0.0
2018,TARDYSD,0,35943,0.0
2022,TARDYSD,29374,30800,95.4
2025,TARDYSD,28282,29966,94.4
2000,TCHBEHFA,0,6214,0.0
2003,TCHBEHFA,0,10791,0.0
2006,TCHBEHFA,0,19604,0.0
2009,TCHBEHFA,0,25887,0.0
2012,TCHBEHFA,16624,25313,65.7
2015,TCHBEHFA,0,6736,0.0
2018,TCHBEHFA,0,35943,0.0
2022,TCHBEHFA,0,30800,0.0
2025,TCHBEHFA,0,29966,0.0
2000,TCHBEHSO,0,6214,0.0
2003,TCHBEHSO,0,10791,0.0
2006,TCHBEHSO,0,19604,0.0
2009,TCHBEHSO,0,25887,0.0
2012,TCHBEHSO,16660,25313,65.8
2015,TCHBEHSO,0,6736,0.0
2018,TCHBEHSO,0,35943,0.0
2022,TCHBEHSO,0,30800,0.0
2025,TCHBEHSO,0,29966,0.0
2000,TCHBEHTD,0,6214,0.0
2003,TCHBEHTD,0,10791,0.0
2006,TCHBEHTD,0,19604,0.0
2009,TCHBEHTD,0,25887,0.0
2012,TCHBEHTD,16668,25313,65.8
2015,TCHBEHTD,0,6736,0.0
2018,TCHBEHTD,0,35943,0.0
2022,TCHBEHTD,0,30800,0.0
2025,TCHBEHTD,0,29966,0.0
2000,TDTEACH,0,6214,0.0
2003,TDTEACH,0,10791,0.0
2006,TDTEACH,0,19604,0.0
2009,TDTEACH,0,25887,0.0
2012,TDTEACH,0,25313,0.0
2015,TDTEACH,5318,6736,78.9
2018,TDTEACH,0,35943,0.0
2022,TDTEACH,0,30800,0.0
2025,TDTEACH,0,29966,0.0
2000,TEACHINT,0,6214,0.0
2003,TEACHINT,0,10791,0.0
2006,TEACHINT,0,19604,0.0
2009,TEACHINT,0,25887,0.0
2012,TEACHINT,0,25313,0.0
2015,TEACHINT,0,6736,0.0
2018,TEACHINT,35109,35943,97.7
2022,TEACHINT,0,30800,0.0
2025,TEACHINT,0,29966,0.0
2000,TEACHSUP_2022,0,6214,0.0
2003,TEACHSUP_2022,0,10791,0.0
2006,TEACHSUP_2022,0,19604,0.0
2009,TEACHSUP_2022,0,25887,0.0
2012,TEACHSUP_2022,0,25313,0.0
2015,TEACHSUP_2022,0,6736,0.0
2018,TEACHSUP_2022,0,35943,0.0
2022,TEACHSUP_2022,28782,30800,93.4
2025,TEACHSUP_2022,0,29966,0.0
2000,TEACHSUP_2025,0,6214,0.0
2003,TEACHSUP_2025,0,10791,0.0
2006,TEACHSUP_2025,0,19604,0.0
2009,TEACHSUP_2025,0,25887,0.0
2012,TEACHSUP_2025,0,25313,0.0
2015,TEACHSUP_2025,0,6736,0.0
2018,TEACHSUP_2025,0,35943,0.0
2022,TEACHSUP_2025,0,30800,0.0
2025,TEACHSUP_2025,27080,29966,90.4
2000,TMINS,0,6214,0.0
2003,TMINS,10791,10791,100.0
2006,TMINS,0,19604,0.0
2009,TMINS,0,25887,0.0
2012,TMINS,0,25313,0.0
2015,TMINS,6064,6736,90.0
2018,TMINS,21966,35943,61.1
2022,TMINS,0,30800,0.0
2025,TMINS,0,29966,0.0
2000,UNDREM,0,6214,0.0
2003,UNDREM,0,10791,0.0
2006,UNDREM,0,19604,0.0
2009,UNDREM,25186,25887,97.3
2012,UNDREM,0,25313,0.0
2015,UNDREM,0,6736,0.0
2018,UNDREM,33144,35943,92.2
2022,UNDREM,0,30800,0.0
2025,UNDREM,0,29966,0.0
2000,USEMATH,0,6214,0.0
2003,USEMATH,0,10791,0.0
2006,USEMATH,0,19604,0.0
2009,USEMATH,0,25887,0.0
2012,USEMATH,23491,25313,92.8
2015,USEMATH,0,6736,0.0
2018,USEMATH,0,35943,0.0
2022,USEMATH,0,30800,0.0
2025,USEMATH,0,29966,0.0
2000,USESCH,0,6214,0.0
2003,USESCH,0,10791,0.0
2006,USESCH,0,19604,0.0
2009,USESCH,25223,25887,97.4
2012,USESCH,23934,25313,94.6
2015,USESCH,6304,6736,93.6
2018,USESCH,28056,35943,78.1
2022,USESCH,0,30800,0.0
2025,USESCH,0,29966,0.0
2000,WEALTH,6150,6214,99.0
2003,WEALTH,0,10791,0.0
2006,WEALTH,19540,19604,99.7
2009,WEALTH,25720,25887,99.4
2012,WEALTH,25097,25313,99.1
2015,WEALTH,6566,6736,97.5
2018,WEALTH,35470,35943,98.7
2022,WEALTH,0,30800,0.0
2025,WEALTH,0,29966,0.0
2000,WORKHOME,0,6214,0.0
2003,WORKHOME,0,10791,0.0
2006,WORKHOME,0,19604,0.0
2009,WORKHOME,0,25887,0.0
2012,WORKHOME,0,25313,0.0
2015,WORKHOME,0,6736,0.0
2018,WORKHOME,0,35943,0.0
2022,WORKHOME,29625,30800,96.2
2025,WORKHOME,0,29966,0.0
2000,WORKMAST,0,6214,0.0
2003,WORKMAST,0,10791,0.0
2006,WORKMAST,0,19604,0.0
2009,WORKMAST,0,25887,0.0
2012,WORKMAST,0,25313,0.0
2015,WORKMAST,0,6736,0.0
2018,WORKMAST,33465,35943,93.1
2022,WORKMAST,0,30800,0.0
2025,WORKMAST,0,29966,0.0
2000,WORKPAY,0,6214,0.0
2003,WORKPAY,0,10791,0.0
2006,WORKPAY,0,19604,0.0
2009,WORKPAY,0,25887,0.0
2012,WORKPAY,0,25313,0.0
2015,WORKPAY,0,6736,0.0
2018,WORKPAY,0,35943,0.0
2022,WORKPAY,29571,30800,96.0
2025,WORKPAY,0,29966,0.0
2000,W_FSTUWT,6214,6214,100.0
2003,W_FSTUWT,10791,10791,100.0
2006,W_FSTUWT,19604,19604,100.0
2009,W_FSTUWT,25887,25887,100.0
2012,W_FSTUWT,25313,25313,100.0
2015,W_FSTUWT,6736,6736,100.0
2018,W_FSTUWT,35943,35943,100.0
2022,W_FSTUWT,30800,30800,100.0
2025,W_FSTUWT,29966,29966,100.0
2000,apoyo_familiar,0,6214,0.0
2003,apoyo_familiar,0,10791,0.0
2006,apoyo_familiar,0,19604,0.0
2009,apoyo_familiar,0,25887,0.0
2012,apoyo_familiar,0,25313,0.0
2015,apoyo_familiar,0,6736,0.0
2018,apoyo_familiar,0,35943,0.0
2022,apoyo_familiar,30800,30800,100.0
2025,apoyo_familiar,29966,29966,100.0
2000,aviso_ciclo,6214,6214,100.0
2003,aviso_ciclo,10791,10791,100.0
2006,aviso_ciclo,19604,19604,100.0
2009,aviso_ciclo,25887,25887,100.0
2012,aviso_ciclo,25313,25313,100.0
2015,aviso_ciclo,6736,6736,100.0
2018,aviso_ciclo,35943,35943,100.0
2022,aviso_ciclo,30800,30800,100.0
2025,aviso_ciclo,29966,29966,100.0
2000,cen_admision_expediente,6041,6214,97.2
2003,cen_admision_expediente,0,10791,0.0
2006,cen_admision_expediente,0,19604,0.0
2009,cen_admision_expediente,24866,25887,96.1
2012,cen_admision_expediente,24739,25313,97.7
2015,cen_admision_expediente,6672,6736,99.0
2018,cen_admision_expediente,34211,35943,95.2
2022,cen_admision_expediente,28387,30800,92.2
2025,cen_admision_expediente,28242,29966,94.2
2000,cen_alumnos,5629,6214,90.6
2003,cen_alumnos,9705,10791,89.9
2006,cen_alumnos,19247,19604,98.2
2009,cen_alumnos,24358,25887,94.1
2012,cen_alumnos,23434,25313,92.6
2015,cen_alumnos,6287,6736,93.3
2018,cen_alumnos,32605,35943,90.7
2022,cen_alumnos,27838,30800,90.4
2025,cen_alumnos,0,29966,0.0
2000,cen_autonomia,0,6214,0.0
2003,cen_autonomia,0,10791,0.0
2006,cen_autonomia,0,19604,0.0
2009,cen_autonomia,0,25887,0.0
2012,cen_autonomia,0,25313,0.0
2015,cen_autonomia,0,6736,0.0
2018,cen_autonomia,0,35943,0.0
2022,cen_autonomia,28416,30800,92.3
2025,cen_autonomia,0,29966,0.0
2000,cen_competencia,0,6214,0.0
2003,cen_competencia,0,10791,0.0
2006,cen_competencia,0,19604,0.0
2009,cen_competencia,0,25887,0.0
2012,cen_competencia,25063,25313,99.0
2015,cen_competencia,0,6736,0.0
2018,cen_competencia,34727,35943,96.6
2022,cen_competencia,29057,30800,94.3
2025,cen_competencia,28775,29966,96.0
2000,cen_comunidad,5869,6214,94.4
2003,cen_comunidad,10536,10791,97.6
2006,cen_comunidad,19581,19604,99.9
2009,cen_comunidad,25370,25887,98.0
2012,cen_comunidad,25087,25313,99.1
2015,cen_comunidad,6726,6736,99.9
2018,cen_comunidad,34884,35943,97.1
2022,cen_comunidad,29152,30800,94.6
2025,cen_comunidad,28656,29966,95.6
2000,cen_escasez_material,0,6214,0.0
2003,cen_escasez_material,0,10791,0.0
2006,cen_escasez_material,0,19604,0.0
2009,cen_escasez_material,0,25887,0.0
2012,cen_escasez_material,0,25313,0.0
2015,cen_escasez_material,6701,6736,99.5
2018,cen_escasez_material,34675,35943,96.5
2022,cen_escasez_material,27814,30800,90.3
2025,cen_escasez_material,28290,29966,94.4
2000,cen_escasez_personal,0,6214,0.0
2003,cen_escasez_personal,0,10791,0.0
2006,cen_escasez_personal,0,19604,0.0
2009,cen_escasez_personal,0,25887,0.0
2012,cen_escasez_personal,0,25313,0.0
2015,cen_escasez_personal,6701,6736,99.5
2018,cen_escasez_personal,34501,35943,96.0
2022,cen_escasez_personal,27813,30800,90.3
2025,cen_escasez_personal,28315,29966,94.5
2000,cen_fin_cuotas_pct,5615,6214,90.4
2003,cen_fin_cuotas_pct,9840,10791,91.2
2006,cen_fin_cuotas_pct,18676,19604,95.3
2009,cen_fin_cuotas_pct,12679,25887,49.0
2012,cen_fin_cuotas_pct,23932,25313,94.5
2015,cen_fin_cuotas_pct,5580,6736,82.8
2018,cen_fin_cuotas_pct,23916,35943,66.5
2022,cen_fin_cuotas_pct,27795,30800,90.2
2025,cen_fin_cuotas_pct,0,29966,0.0
2000,cen_fin_gobierno_pct,4874,6214,78.4
2003,cen_fin_gobierno_pct,8723,10791,80.8
2006,cen_fin_gobierno_pct,16112,19604,82.2
2009,cen_fin_gobierno_pct,20535,25887,79.3
2012,cen_fin_gobierno_pct,21309,25313,84.2
2015,cen_fin_gobierno_pct,6575,6736,97.6
2018,cen_fin_gobierno_pct,33699,35943,93.8
2022,cen_fin_gobierno_pct,28335,30800,92.0
2025,cen_fin_gobierno_pct,0,29966,0.0
2000,cen_liderazgo_educativo,0,6214,0.0
2003,cen_liderazgo_educativo,0,10791,0.0
2006,cen_liderazgo_educativo,0,19604,0.0
2009,cen_liderazgo_educativo,0,25887,0.0
2012,cen_liderazgo_educativo,0,25313,0.0
2015,cen_liderazgo_educativo,0,6736,0.0
2018,cen_liderazgo_educativo,0,35943,0.0
2022,cen_liderazgo_educativo,28416,30800,92.3
2025,cen_liderazgo_educativo,28153,29966,93.9
2000,cen_liderazgo_instruccional,0,6214,0.0
2003,cen_liderazgo_instruccional,0,10791,0.0
2006,cen_liderazgo_instruccional,0,19604,0.0
2009,cen_liderazgo_instruccional,0,25887,0.0
2012,cen_liderazgo_instruccional,0,25313,0.0
2015,cen_liderazgo_instruccional,0,6736,0.0
2018,cen_liderazgo_instruccional,0,35943,0.0
2022,cen_liderazgo_instruccional,28385,30800,92.2
2025,cen_liderazgo_instruccional,0,29966,0.0
2000,cen_ordenadores_alumno,0,6214,0.0
2003,cen_ordenadores_alumno,0,10791,0.0
2006,cen_ordenadores_alumno,0,19604,0.0
2009,cen_ordenadores_alumno,0,25887,0.0
2012,cen_ordenadores_alumno,0,25313,0.0
2015,cen_ordenadores_alumno,6211,6736,92.2
2018,cen_ordenadores_alumno,32227,35943,89.7
2022,cen_ordenadores_alumno,26782,30800,87.0
2025,cen_ordenadores_alumno,0,29966,0.0
2000,cen_padres_inmigrantes_pct,0,6214,0.0
2003,cen_padres_inmigrantes_pct,0,10791,0.0
2006,cen_padres_inmigrantes_pct,0,19604,0.0
2009,cen_padres_inmigrantes_pct,0,25887,0.0
2012,cen_padres_inmigrantes_pct,0,25313,0.0
2015,cen_padres_inmigrantes_pct,0,6736,0.0
2018,cen_padres_inmigrantes_pct,0,35943,0.0
2022,cen_padres_inmigrantes_pct,27931,30800,90.7
2025,cen_padres_inmigrantes_pct,0,29966,0.0
2000,cen_participacion_prof,0,6214,0.0
2003,cen_participacion_prof,0,10791,0.0
2006,cen_participacion_prof,0,19604,0.0
2009,cen_participacion_prof,0,25887,0.0
2012,cen_participacion_prof,0,25313,0.0
2015,cen_participacion_prof,0,6736,0.0
2018,cen_participacion_prof,0,35943,0.0
2022,cen_participacion_prof,28489,30800,92.5
2025,cen_participacion_prof,0,29966,0.0
2000,cen_profesorado_certificado,5640,6214,90.8
2003,cen_profesorado_certificado,7941,10791,73.6
2006,cen_profesorado_certificado,0,19604,0.0
2009,cen_profesorado_certificado,24578,25887,94.9
2012,cen_profesorado_certificado,24648,25313,97.4
2015,cen_profesorado_certificado,5839,6736,86.7
2018,cen_profesorado_certificado,29342,35943,81.6
2022,cen_profesorado_certificado,24719,30800,80.3
2025,cen_profesorado_certificado,23421,29966,78.2
2000,cen_publico,6214,6214,100.0
2003,cen_publico,10536,10791,97.6
2006,cen_publico,19581,19604,99.9
2009,cen_publico,25370,25887,98.0
2012,cen_publico,25287,25313,99.9
2015,cen_publico,6726,6736,99.9
2018,cen_publico,34911,35943,97.1
2022,cen_publico,29115,30800,94.5
2025,cen_publico,28784,29966,96.1
2000,cen_stratio,5579,6214,89.8
2003,cen_stratio,9263,10791,85.8
2006,cen_stratio,19077,19604,97.3
2009,cen_stratio,23893,25887,92.3
2012,cen_stratio,23535,25313,93.0
2015,cen_stratio,6154,6736,91.4
2018,cen_stratio,32233,35943,89.7
2022,cen_stratio,26603,30800,86.4
2025,cen_stratio,26579,29966,88.7
2000,cen_tipo,5818,6214,93.6
2003,cen_tipo,10056,10791,93.2
2006,cen_tipo,19220,19604,98.0
2009,cen_tipo,24375,25887,94.2
2012,cen_tipo,24572,25313,97.1
2015,cen_tipo,6575,6736,97.6
2018,cen_tipo,34397,35943,95.7
2022,cen_tipo,30461,30800,98.9
2025,cen_tipo,29188,29966,97.4
2000,centro_alumnos_muestra,6214,6214,100.0
2003,centro_alumnos_muestra,10791,10791,100.0
2006,centro_alumnos_muestra,19604,19604,100.0
2009,centro_alumnos_muestra,25887,25887,100.0
2012,centro_alumnos_muestra,25313,25313,100.0
2015,centro_alumnos_muestra,6736,6736,100.0
2018,centro_alumnos_muestra,35943,35943,100.0
2022,centro_alumnos_muestra,30800,30800,100.0
2025,centro_alumnos_muestra,29966,29966,100.0
2000,centro_escs_medio,0,6214,0.0
2003,centro_escs_medio,10791,10791,100.0
2006,centro_escs_medio,19604,19604,100.0
2009,centro_escs_medio,25887,25887,100.0
2012,centro_escs_medio,25313,25313,100.0
2015,centro_escs_medio,6736,6736,100.0
2018,centro_escs_medio,35943,35943,100.0
2022,centro_escs_medio,30782,30800,99.9
2025,centro_escs_medio,29908,29966,99.8
2000,centro_pct_ausentismo,0,6214,0.0
2003,centro_pct_ausentismo,0,10791,0.0
2006,centro_pct_ausentismo,0,19604,0.0
2009,centro_pct_ausentismo,0,25887,0.0
2012,centro_pct_ausentismo,0,25313,0.0
2015,centro_pct_ausentismo,0,6736,0.0
2018,centro_pct_ausentismo,0,35943,0.0
2022,centro_pct_ausentismo,30782,30800,99.9
2025,centro_pct_ausentismo,29908,29966,99.8
2000,centro_pct_inmigrantes,0,6214,0.0
2003,centro_pct_inmigrantes,10791,10791,100.0
2006,centro_pct_inmigrantes,19604,19604,100.0
2009,centro_pct_inmigrantes,25887,25887,100.0
2012,centro_pct_inmigrantes,25313,25313,100.0
2015,centro_pct_inmigrantes,6736,6736,100.0
2018,centro_pct_inmigrantes,35943,35943,100.0
2022,centro_pct_inmigrantes,30782,30800,99.9
2025,centro_pct_inmigrantes,29908,29966,99.8
2000,centro_pct_repetidores,0,6214,0.0
2003,centro_pct_repetidores,0,10791,0.0
2006,centro_pct_repetidores,0,19604,0.0
2009,centro_pct_repetidores,0,25887,0.0
2012,centro_pct_repetidores,25313,25313,100.0
2015,centro_pct_repetidores,6736,6736,100.0
2018,centro_pct_repetidores,35943,35943,100.0
2022,centro_pct_repetidores,30782,30800,99.9
2025,centro_pct_repetidores,29908,29966,99.8
2000,educacion_familiar,0,6214,0.0
2003,educacion_familiar,10271,10791,95.2
2006,educacion_familiar,19220,19604,98.0
2009,educacion_familiar,25257,25887,97.6
2012,educacion_familiar,24818,25313,98.0
2015,educacion_familiar,6632,6736,98.5
2018,educacion_familiar,34925,35943,97.2
2022,educacion_familiar,30800,30800,100.0
2025,educacion_familiar,29966,29966,100.0
2000,fila_origen,6214,6214,100.0
2003,fila_origen,10791,10791,100.0
2006,fila_origen,19604,19604,100.0
2009,fila_origen,25887,25887,100.0
2012,fila_origen,25313,25313,100.0
2015,fila_origen,6736,6736,100.0
2018,fila_origen,35943,35943,100.0
2022,fila_origen,30800,30800,100.0
2025,fila_origen,29966,29966,100.0
2000,lengua_casa,0,6214,0.0
2003,lengua_casa,0,10791,0.0
2006,lengua_casa,0,19604,0.0
2009,lengua_casa,0,25887,0.0
2012,lengua_casa,0,25313,0.0
2015,lengua_casa,6693,6736,99.4
2018,lengua_casa,35420,35943,98.5
2022,lengua_casa,29818,30800,96.8
2025,lengua_casa,28908,29966,96.5
2000,math_exploracion,3428,6214,55.2
2003,math_exploracion,10791,10791,100.0
2006,math_exploracion,19604,19604,100.0
2009,math_exploracion,25887,25887,100.0
2012,math_exploracion,25313,25313,100.0
2015,math_exploracion,6736,6736,100.0
2018,math_exploracion,35943,35943,100.0
2022,math_exploracion,30800,30800,100.0
2025,math_exploracion,29966,29966,100.0
2000,nivel_socioeconomico,0,6214,0.0
2003,nivel_socioeconomico,10687,10791,99.0
2006,nivel_socioeconomico,19499,19604,99.5
2009,nivel_socioeconomico,25634,25887,99.0
2012,nivel_socioeconomico,25121,25313,99.2
2015,nivel_socioeconomico,6678,6736,99.1
2018,nivel_socioeconomico,35290,35943,98.2
2022,nivel_socioeconomico,30800,30800,100.0
2025,nivel_socioeconomico,29966,29966,100.0
2000,numero_pv_math,6214,6214,100.0
2003,numero_pv_math,10791,10791,100.0
2006,numero_pv_math,19604,19604,100.0
2009,numero_pv_math,25887,25887,100.0
2012,numero_pv_math,25313,25313,100.0
2015,numero_pv_math,6736,6736,100.0
2018,numero_pv_math,35943,35943,100.0
2022,numero_pv_math,30800,30800,100.0
2025,numero_pv_math,29966,29966,100.0
2000,numero_pv_read,6214,6214,100.0
2003,numero_pv_read,10791,10791,100.0
2006,numero_pv_read,19604,19604,100.0
2009,numero_pv_read,25887,25887,100.0
2012,numero_pv_read,25313,25313,100.0
2015,numero_pv_read,6736,6736,100.0
2018,numero_pv_read,35943,35943,100.0
2022,numero_pv_read,30800,30800,100.0
2025,numero_pv_read,29966,29966,100.0
2000,numero_pv_scie,6214,6214,100.0
2003,numero_pv_scie,10791,10791,100.0
2006,numero_pv_scie,19604,19604,100.0
2009,numero_pv_scie,25887,25887,100.0
2012,numero_pv_scie,25313,25313,100.0
2015,numero_pv_scie,6736,6736,100.0
2018,numero_pv_scie,35943,35943,100.0
2022,numero_pv_scie,30800,30800,100.0
2025,numero_pv_scie,29966,29966,100.0
2000,origen,0,6214,0.0
2003,origen,10632,10791,98.5
2006,origen,19367,19604,98.8
2009,origen,25415,25887,98.2
2012,origen,24824,25313,98.1
2015,origen,6577,6736,97.6
2018,origen,34844,35943,96.9
2022,origen,30800,30800,100.0
2025,origen,29966,29966,100.0
2000,peso_math,3428,6214,55.2
2003,peso_math,10791,10791,100.0
2006,peso_math,19604,19604,100.0
2009,peso_math,25887,25887,100.0
2012,peso_math,25313,25313,100.0
2015,peso_math,6736,6736,100.0
2018,peso_math,35943,35943,100.0
2022,peso_math,30800,30800,100.0
2025,peso_math,29966,29966,100.0
2000,peso_read,6214,6214,100.0
2003,peso_read,10791,10791,100.0
2006,peso_read,19604,19604,100.0
2009,peso_read,25887,25887,100.0
2012,peso_read,25313,25313,100.0
2015,peso_read,6736,6736,100.0
2018,peso_read,35943,35943,100.0
2022,peso_read,30800,30800,100.0
2025,peso_read,29966,29966,100.0
2000,peso_scie,3457,6214,55.6
2003,peso_scie,10791,10791,100.0
2006,peso_scie,19604,19604,100.0
2009,peso_scie,25887,25887,100.0
2012,peso_scie,25313,25313,100.0
2015,peso_scie,6736,6736,100.0
2018,peso_scie,35943,35943,100.0
2022,peso_scie,30800,30800,100.0
2025,peso_scie,29966,29966,100.0
2000,pisa_year,6214,6214,100.0
2003,pisa_year,10791,10791,100.0
2006,pisa_year,19604,19604,100.0
2009,pisa_year,25887,25887,100.0
2012,pisa_year,25313,25313,100.0
2015,pisa_year,6736,6736,100.0
2018,pisa_year,35943,35943,100.0
2022,pisa_year,30800,30800,100.0
2025,pisa_year,29966,29966,100.0
2000,posesiones_hogar,0,6214,0.0
2003,posesiones_hogar,0,10791,0.0
2006,posesiones_hogar,0,19604,0.0
2009,posesiones_hogar,0,25887,0.0
2012,posesiones_hogar,0,25313,0.0
2015,posesiones_hogar,0,6736,0.0
2018,posesiones_hogar,0,35943,0.0
2022,posesiones_hogar,30800,30800,100.0
2025,posesiones_hogar,29966,29966,100.0
2000,read_exploracion,6214,6214,100.0
2003,read_exploracion,10791,10791,100.0
2006,read_exploracion,19604,19604,100.0
2009,read_exploracion,25887,25887,100.0
2012,read_exploracion,25313,25313,100.0
2015,read_exploracion,6736,6736,100.0
2018,read_exploracion,35943,35943,100.0
2022,read_exploracion,30800,30800,100.0
2025,read_exploracion,29966,29966,100.0
2000,recursos_hogar,0,6214,0.0
2003,recursos_hogar,0,10791,0.0
2006,recursos_hogar,0,19604,0.0
2009,recursos_hogar,0,25887,0.0
2012,recursos_hogar,0,25313,0.0
2015,recursos_hogar,0,6736,0.0
2018,recursos_hogar,0,35943,0.0
2022,recursos_hogar,30800,30800,100.0
2025,recursos_hogar,29966,29966,100.0
2000,region,0,6214,0.0
2003,region,0,10791,0.0
2006,region,0,19604,0.0
2009,region,0,25887,0.0
2012,region,0,25313,0.0
2015,region,0,6736,0.0
2018,region,0,35943,0.0
2022,region,30800,30800,100.0
2025,region,29966,29966,100.0
2000,repeticion,0,6214,0.0
2003,repeticion,0,10791,0.0
2006,repeticion,0,19604,0.0
2009,repeticion,0,25887,0.0
2012,repeticion,25113,25313,99.2
2015,repeticion,6699,6736,99.5
2018,repeticion,35449,35943,98.6
2022,repeticion,30800,30800,100.0
2025,repeticion,29966,29966,100.0
2000,scie_exploracion,3457,6214,55.6
2003,scie_exploracion,10791,10791,100.0
2006,scie_exploracion,19604,19604,100.0
2009,scie_exploracion,25887,25887,100.0
2012,scie_exploracion,25313,25313,100.0
2015,scie_exploracion,6736,6736,100.0
2018,scie_exploracion,35943,35943,100.0
2022,scie_exploracion,30800,30800,100.0
2025,scie_exploracion,29966,29966,100.0
2000,sector,0,6214,0.0
2003,sector,0,10791,0.0
2006,sector,0,19604,0.0
2009,sector,0,25887,0.0
2012,sector,0,25313,0.0
2015,sector,0,6736,0.0
2018,sector,0,35943,0.0
2022,sector,30800,30800,100.0
2025,sector,29966,29966,100.0
2000,sexo,6079,6214,97.8
2003,sexo,10790,10791,100.0
2006,sexo,19604,19604,100.0
2009,sexo,25887,25887,100.0
2012,sexo,25313,25313,100.0
2015,sexo,6736,6736,100.0
2018,sexo,35943,35943,100.0
2022,sexo,30800,30800,100.0
2025,sexo,29966,29966,100.0
