columna,2000,2003,2006,2012,2015,2018,2022,2025
ADAPTIVITY,,,,,,si,,
ADDSCIIN,,,,,si,,,
ADINST,,,,,si,,,
AGE,si,si,si,si,si,si,si,si
ANXMAT,,si,,si,,,si,
ANXTEST,,,,,si,,,
ASSERAGR,,,,,,,si,
ATTIMM,,,,,,si,,
ATTLNACT,,,,,,si,,
BELONG,si,si,,si,si,si,si,si
BODYIMA,,,,,,si,si,
BSMJ,,si,si,,si,si,si,si
CNTSCHID,si,si,si,si,si,si,si,si
CNTSTUID,si,si,si,si,si,si,si,si
COGACMCO,,,,,,,si,
COGACRCO,,,,,,,si,
COGACSC,,,,,,,,si
COGFLEX,,,,,,si,,
COLLENEFF,,,,,,,,si
COMPETE,,,,,,si,,
COOPAGR,,,,,,,si,
COOPERATE,,,,,si,,,
CPSVALUE,,,,,si,,,
CREATAS,,,,,,,si,
CREATEFF,,,,,,,si,
CREATFAM,,,,,,,si,
CREATOOS,,,,,,,si,
CREATSCH,,,,,,,si,
CULTPOSS,,,,,si,si,,
CURIOAGR,,,,,,,si,
CURSUPP,,,,,si,si,si,
DIRINS,,,,,,si,,
DISCLIM,,,,,,,si,
DISCLIMA,,,,,,si,,
DISCRIM,,,,,,si,,
DURECEC,,,,,si,si,si,
EFFORT1,,,,,,si,si,si
EMOCOAGR,,,,,,,si,
EMOSUPS,,,,,si,si,,
EMPATAGR,,,,,,,si,
ENGSCIPR,,,,,,,,si
ENVAPART,,,,,,,,si
ENVAWARE,,,,,si,,,si
ENVCAPCH,,,,,,,,si
ENVOPT,,,,,si,,,
EPIST,,,,,si,,,
ESCS,si,si,si,si,si,si,si,si
EUDMO,,,,,,si,,
EXPECEDU,,,,,,,si,si
EXPO21ST,,,,,,,si,
EXPOFA,,,,,,,si,
EXPWB,,,,,,,si,
FCFMLRTY,,,,,,si,si,
FLCONFIN,,,,,,si,si,
FLCONICT,,,,,,si,si,
FLFAMILY,,,,,,si,si,
FLSCHOOL,,,,,,si,si,
GCAWARE,,,,,,si,,
GCSELFEFF,,,,,,si,,
GFOFAIL,,,,,,si,,
GLOBMIND,,,,,,si,,
GRADE,,si,,si,si,si,si,si
GROSAGR,,,,,,,si,
HADDINST,,,,,si,,,
HEDRES,,,,,si,si,,
HISEI,si,si,si,si,si,si,si,si
HOMEPOS,,si,si,si,si,si,si,si
HOMESCH,,,,,si,si,,
IBTEACH,,,,,si,,,
ICTRES,,,,,si,si,si,si
INFOCAR,,,,,,si,,
INSTSCIE,,,,,si,,,
INTBRSCI,,,,,si,,,
INTCULT,,,,,,si,,
JOYREAD,,,,,,si,,
LEARRES,,,,,,,si,
LIFESAT,,,,,,,si,
LMINS,,,,,si,si,,
MASTGOAL,,,,,,si,,
MATHEASE,,,,,,,si,
MATHEF21,,,,,,,si,
MATHEFF,,,,,,,si,
MATHMOT,,,,,,,si,
MATHPERS,,,,,,,si,
METASPAM,,,,,,si,,
METASUM,,,,,,si,,
MISSSC,,,,,,,si,
MMINS,,,,,si,si,,
MOTIVAT,,,,,si,,,
OPENART,,,,,,,si,
OPENVLRN,,,,,,,,si
OUTHOURS,,,,,si,,,
PARED,,si,si,si,,,,
PAREDINT,,,,,si,si,,
PERCOMP,,,,,,si,,
PERCOOP,,,,,,si,,
PERFEED,,,,,si,si,,
PERSEVAGR,,,,,,,si,
PERSPECT,,,,,,si,,
PESO_MATH,si,,,,,,,
PESO_SCIE,si,,,,,,,
PISADIFF,,,,,,si,,
PQENPERC,,,,,si,,,si
PQENVOPT,,,,,si,,,si
PQGENSCI,,,,,si,,,si
PQSCHOOL,,,,,si,si,si,si
PRESUPP,,,,,si,si,,si
PROBSELF,,,,,,,si,
PSYCHSYM,,,,,,,si,
PV10MATH,,,,,si,si,si,si
PV10READ,,,,,si,si,si,si
PV10SCIE,,,,,si,si,si,si
PV1MATH,si,si,si,si,si,si,si,si
PV1READ,si,si,si,si,si,si,si,si
PV1SCIE,si,si,si,si,si,si,si,si
PV2MATH,si,si,si,si,si,si,si,si
PV2READ,si,si,si,si,si,si,si,si
PV2SCIE,si,si,si,si,si,si,si,si
PV3MATH,si,si,si,si,si,si,si,si
PV3READ,si,si,si,si,si,si,si,si
PV3SCIE,si,si,si,si,si,si,si,si
PV4MATH,si,si,si,si,si,si,si,si
PV4READ,si,si,si,si,si,si,si,si
PV4SCIE,si,si,si,si,si,si,si,si
PV5MATH,si,si,si,si,si,si,si,si
PV5READ,si,si,si,si,si,si,si,si
PV5SCIE,si,si,si,si,si,si,si,si
PV6MATH,,,,,si,si,si,si
PV6READ,,,,,si,si,si,si
PV6SCIE,,,,,si,si,si,si
PV7MATH,,,,,si,si,si,si
PV7READ,,,,,si,si,si,si
PV7SCIE,,,,,si,si,si,si
PV8MATH,,,,,si,si,si,si
PV8READ,,,,,si,si,si,si
PV8SCIE,,,,,si,si,si,si
PV9MATH,,,,,si,si,si,si
PV9READ,,,,,si,si,si,si
PV9SCIE,,,,,si,si,si,si
RELATST,,,,,,,si,
RESILIENCE,,,,,,si,,
RESPECT,,,,,,si,,
SCIEACT,,,,,si,,,
SDLEFF,,,,,,,si,
SMINS,,,,,si,si,,
SOCCON,,,,,,,si,
SOCONPA,,,,,,si,si,
SOIAICT,,,,,si,si,,si
ST296Q01JA,,,,,,,si,
ST296Q02JA,,,,,,,si,
ST296Q03JA,,,,,,,si,si
STUDYHMW,,,,,,,si,
SWBP,,,,,,si,,
TDTEACH,,,,,si,,,
TEACHINT,,,,,,si,,
TMINS,,,,,si,si,,
UNDREM,,,,,,si,,
USESCH,,,,,si,si,,
WEALTH,,,,,si,si,,
WORKHOME,,,,,,,si,
WORKMAST,,,,,,si,,
WORKPAY,,,,,,,si,si
W_FSTR1,si,si,si,si,,,,
W_FSTR10,si,si,si,si,,,,
W_FSTR11,si,si,si,si,,,,
W_FSTR12,si,si,si,si,,,,
W_FSTR13,si,si,si,si,,,,
W_FSTR14,si,si,si,si,,,,
W_FSTR15,si,si,si,si,,,,
W_FSTR16,si,si,si,si,,,,
W_FSTR17,si,si,si,si,,,,
W_FSTR18,si,si,si,si,,,,
W_FSTR19,si,si,si,si,,,,
W_FSTR2,si,si,si,si,,,,
W_FSTR20,si,si,si,si,,,,
W_FSTR21,si,si,si,si,,,,
W_FSTR22,si,si,si,si,,,,
W_FSTR23,si,si,si,si,,,,
W_FSTR24,si,si,si,si,,,,
W_FSTR25,si,si,si,si,,,,
W_FSTR26,si,si,si,si,,,,
W_FSTR27,si,si,si,si,,,,
W_FSTR28,si,si,si,si,,,,
W_FSTR29,si,si,si,si,,,,
W_FSTR3,si,si,si,si,,,,
W_FSTR30,si,si,si,si,,,,
W_FSTR31,si,si,si,si,,,,
W_FSTR32,si,si,si,si,,,,
W_FSTR33,si,si,si,si,,,,
W_FSTR34,si,si,si,si,,,,
W_FSTR35,si,si,si,si,,,,
W_FSTR36,si,si,si,si,,,,
W_FSTR37,si,si,si,si,,,,
W_FSTR38,si,si,si,si,,,,
W_FSTR39,si,si,si,si,,,,
W_FSTR4,si,si,si,si,,,,
W_FSTR40,si,si,si,si,,,,
W_FSTR41,si,si,si,si,,,,
W_FSTR42,si,si,si,si,,,,
W_FSTR43,si,si,si,si,,,,
W_FSTR44,si,si,si,si,,,,
W_FSTR45,si,si,si,si,,,,
W_FSTR46,si,si,si,si,,,,
W_FSTR47,si,si,si,si,,,,
W_FSTR48,si,si,si,si,,,,
W_FSTR49,si,si,si,si,,,,
W_FSTR5,si,si,si,si,,,,
W_FSTR50,si,si,si,si,,,,
W_FSTR51,si,si,si,si,,,,
W_FSTR52,si,si,si,si,,,,
W_FSTR53,si,si,si,si,,,,
W_FSTR54,si,si,si,si,,,,
W_FSTR55,si,si,si,si,,,,
W_FSTR56,si,si,si,si,,,,
W_FSTR57,si,si,si,si,,,,
W_FSTR58,si,si,si,si,,,,
W_FSTR59,si,si,si,si,,,,
W_FSTR6,si,si,si,si,,,,
W_FSTR60,si,si,si,si,,,,
W_FSTR61,si,si,si,si,,,,
W_FSTR62,si,si,si,si,,,,
W_FSTR63,si,si,si,si,,,,
W_FSTR64,si,si,si,si,,,,
W_FSTR65,si,si,si,si,,,,
W_FSTR66,si,si,si,si,,,,
W_FSTR67,si,si,si,si,,,,
W_FSTR68,si,si,si,si,,,,
W_FSTR69,si,si,si,si,,,,
W_FSTR7,si,si,si,si,,,,
W_FSTR70,si,si,si,si,,,,
W_FSTR71,si,si,si,si,,,,
W_FSTR72,si,si,si,si,,,,
W_FSTR73,si,si,si,si,,,,
W_FSTR74,si,si,si,si,,,,
W_FSTR75,si,si,si,si,,,,
W_FSTR76,si,si,si,si,,,,
W_FSTR77,si,si,si,si,,,,
W_FSTR78,si,si,si,si,,,,
W_FSTR79,si,si,si,si,,,,
W_FSTR8,si,si,si,si,,,,
W_FSTR80,si,si,si,si,,,,
W_FSTR9,si,si,si,si,,,,
W_FSTURWT1,,,,,si,si,si,si
W_FSTURWT10,,,,,si,si,si,si
W_FSTURWT11,,,,,si,si,si,si
W_FSTURWT12,,,,,si,si,si,si
W_FSTURWT13,,,,,si,si,si,si
W_FSTURWT14,,,,,si,si,si,si
W_FSTURWT15,,,,,si,si,si,si
W_FSTURWT16,,,,,si,si,si,si
W_FSTURWT17,,,,,si,si,si,si
W_FSTURWT18,,,,,si,si,si,si
W_FSTURWT19,,,,,si,si,si,si
W_FSTURWT2,,,,,si,si,si,si
W_FSTURWT20,,,,,si,si,si,si
W_FSTURWT21,,,,,si,si,si,si
W_FSTURWT22,,,,,si,si,si,si
W_FSTURWT23,,,,,si,si,si,si
W_FSTURWT24,,,,,si,si,si,si
W_FSTURWT25,,,,,si,si,si,si
W_FSTURWT26,,,,,si,si,si,si
W_FSTURWT27,,,,,si,si,si,si
W_FSTURWT28,,,,,si,si,si,si
W_FSTURWT29,,,,,si,si,si,si
W_FSTURWT3,,,,,si,si,si,si
W_FSTURWT30,,,,,si,si,si,si
W_FSTURWT31,,,,,si,si,si,si
W_FSTURWT32,,,,,si,si,si,si
W_FSTURWT33,,,,,si,si,si,si
W_FSTURWT34,,,,,si,si,si,si
W_FSTURWT35,,,,,si,si,si,si
W_FSTURWT36,,,,,si,si,si,si
W_FSTURWT37,,,,,si,si,si,si
W_FSTURWT38,,,,,si,si,si,si
W_FSTURWT39,,,,,si,si,si,si
W_FSTURWT4,,,,,si,si,si,si
W_FSTURWT40,,,,,si,si,si,si
W_FSTURWT41,,,,,si,si,si,si
W_FSTURWT42,,,,,si,si,si,si
W_FSTURWT43,,,,,si,si,si,si
W_FSTURWT44,,,,,si,si,si,si
W_FSTURWT45,,,,,si,si,si,si
W_FSTURWT46,,,,,si,si,si,si
W_FSTURWT47,,,,,si,si,si,si
W_FSTURWT48,,,,,si,si,si,si
W_FSTURWT49,,,,,si,si,si,si
W_FSTURWT5,,,,,si,si,si,si
W_FSTURWT50,,,,,si,si,si,si
W_FSTURWT51,,,,,si,si,si,si
W_FSTURWT52,,,,,si,si,si,si
W_FSTURWT53,,,,,si,si,si,si
W_FSTURWT54,,,,,si,si,si,si
W_FSTURWT55,,,,,si,si,si,si
W_FSTURWT56,,,,,si,si,si,si
W_FSTURWT57,,,,,si,si,si,si
W_FSTURWT58,,,,,si,si,si,si
W_FSTURWT59,,,,,si,si,si,si
W_FSTURWT6,,,,,si,si,si,si
W_FSTURWT60,,,,,si,si,si,si
W_FSTURWT61,,,,,si,si,si,si
W_FSTURWT62,,,,,si,si,si,si
W_FSTURWT63,,,,,si,si,si,si
W_FSTURWT64,,,,,si,si,si,si
W_FSTURWT65,,,,,si,si,si,si
W_FSTURWT66,,,,,si,si,si,si
W_FSTURWT67,,,,,si,si,si,si
W_FSTURWT68,,,,,si,si,si,si
W_FSTURWT69,,,,,si,si,si,si
W_FSTURWT7,,,,,si,si,si,si
W_FSTURWT70,,,,,si,si,si,si
W_FSTURWT71,,,,,si,si,si,si
W_FSTURWT72,,,,,si,si,si,si
W_FSTURWT73,,,,,si,si,si,si
W_FSTURWT74,,,,,si,si,si,si
W_FSTURWT75,,,,,si,si,si,si
W_FSTURWT76,,,,,si,si,si,si
W_FSTURWT77,,,,,si,si,si,si
W_FSTURWT78,,,,,si,si,si,si
W_FSTURWT79,,,,,si,si,si,si
W_FSTURWT8,,,,,si,si,si,si
W_FSTURWT80,,,,,si,si,si,si
W_FSTURWT9,,,,,si,si,si,si
W_FSTUWT,si,si,si,si,si,si,si,si
cen_admision_expediente,si,si,si,si,si,si,si,si
cen_alumnos,si,si,si,si,si,si,si,si
cen_alumnos_pisa,si,si,si,si,si,si,si,si
cen_autonomia,si,si,si,si,si,si,si,si
cen_competencia,si,si,si,si,si,si,si,si
cen_comunidad,si,si,si,si,si,si,si,si
cen_escasez_material,si,si,si,si,si,si,si,si
cen_escasez_personal,si,si,si,si,si,si,si,si
cen_escs_media,si,si,si,si,si,si,si,si
cen_fin_cuotas_pct,si,si,si,si,si,si,si,si
cen_fin_gobierno_pct,si,si,si,si,si,si,si,si
cen_liderazgo_educativo,si,si,si,si,si,si,si,si
cen_liderazgo_instruccional,si,si,si,si,si,si,si,si
cen_ordenadores_alumno,si,si,si,si,si,si,si,si
cen_padres_inmigrantes_pct,si,si,si,si,si,si,si,si
cen_participacion_prof,si,si,si,si,si,si,si,si
cen_pct_inmigrantes,si,si,si,si,si,si,si,si
cen_pct_repetidores,si,si,si,si,si,si,si,si
cen_profesorado_certificado,si,si,si,si,si,si,si,si
cen_publico,si,si,si,si,si,si,si,si
cen_stratio,si,si,si,si,si,si,si,si
cen_tipo,si,si,si,si,si,si,si,si
educacion_familiar,si,si,si,si,si,si,si,si
fila_origen,si,si,si,si,si,si,si,si
lengua_casa,,,,,si,si,si,si
math_exploracion,si,si,si,si,si,si,si,si
nivel_socioeconomico,si,si,si,si,si,si,si,si
numero_pv_math,si,si,si,si,si,si,si,si
numero_pv_read,si,si,si,si,si,si,si,si
numero_pv_scie,si,si,si,si,si,si,si,si
origen,si,si,si,si,si,si,si,si
pais,si,si,si,si,si,si,si,si
pisa_year,si,si,si,si,si,si,si,si
read_exploracion,si,si,si,si,si,si,si,si
repeticion,si,,si,si,si,si,si,si
scie_exploracion,si,si,si,si,si,si,si,si
sexo,si,si,si,si,si,si,si,si
